-- MySQL dump 10.13  Distrib 8.0.21, for Win64 (x86_64)
--
-- Host: 52.169.179.74    Database: CORE
-- ------------------------------------------------------
-- Server version	5.7.32

/*!40101 SET @OLD_CHARACTER_SET_CLIENT=@@CHARACTER_SET_CLIENT */;
/*!40101 SET @OLD_CHARACTER_SET_RESULTS=@@CHARACTER_SET_RESULTS */;
/*!40101 SET @OLD_COLLATION_CONNECTION=@@COLLATION_CONNECTION */;
/*!50503 SET NAMES utf8 */;
/*!40103 SET @OLD_TIME_ZONE=@@TIME_ZONE */;
/*!40103 SET TIME_ZONE='+00:00' */;
/*!40014 SET @OLD_UNIQUE_CHECKS=@@UNIQUE_CHECKS, UNIQUE_CHECKS=0 */;
/*!40014 SET @OLD_FOREIGN_KEY_CHECKS=@@FOREIGN_KEY_CHECKS, FOREIGN_KEY_CHECKS=0 */;
/*!40101 SET @OLD_SQL_MODE=@@SQL_MODE, SQL_MODE='NO_AUTO_VALUE_ON_ZERO' */;
/*!40111 SET @OLD_SQL_NOTES=@@SQL_NOTES, SQL_NOTES=0 */;

--
-- Table structure for table `Employee`
--

DROP TABLE IF EXISTS `Employee`;
/*!40101 SET @saved_cs_client     = @@character_set_client */;
/*!50503 SET character_set_client = utf8mb4 */;
CREATE TABLE `Employee` (
  `Employee_ID` int(11) DEFAULT NULL,
  `First_Name` varchar(30) DEFAULT NULL,
  `Last_Name` varchar(30) DEFAULT NULL,
  `Country` varchar(60) DEFAULT NULL,
  `Load_Date` date DEFAULT NULL
) ENGINE=InnoDB DEFAULT CHARSET=latin1;
/*!40101 SET character_set_client = @saved_cs_client */;

--
-- Dumping data for table `Employee`
--

LOCK TABLES `Employee` WRITE;
/*!40000 ALTER TABLE `Employee` DISABLE KEYS */;
INSERT INTO `Employee` VALUES (37,'Clark','Carter',NULL,'2020-10-15'),(102,'Sabrina','Kelley',NULL,'2020-10-15'),(138,'Melanie','Scott',NULL,'2020-10-15'),(12,'Brooke','Elliott',NULL,'2020-10-15'),(136,'Arthur','Mitchell',NULL,'2020-10-15'),(100,'Rubie','Higgins',NULL,'2020-10-15'),(4,'Alisa','Roberts',NULL,'2020-10-15'),(170,'Ryan','Gray',NULL,'2020-10-15'),(125,'Emma','Chapman',NULL,'2020-10-15'),(73,'Camila','Baker',NULL,'2020-10-15'),(165,'Edith','Barrett',NULL,'2020-10-15'),(130,'Jack','Crawford',NULL,'2020-10-15'),(186,'Evelyn','Thomas',NULL,'2020-10-15'),(44,'Chester','Alexander',NULL,'2020-10-15'),(46,'Michelle','Elliott',NULL,'2020-10-15'),(83,'Alen','Morris',NULL,'2020-10-15'),(185,'Clark','Perry',NULL,'2020-10-15'),(126,'Samantha','Hamilton',NULL,'2020-10-15'),(101,'Mike','Harris',NULL,'2020-10-15'),(114,'Sarah','Rogers',NULL,'2020-10-15'),(62,'Alisa','Cunningham',NULL,'2020-10-15'),(188,'Cadie','Reed',NULL,'2020-10-15'),(21,'Fenton','Foster',NULL,'2020-10-15'),(122,'Oliver','Barrett',NULL,'2020-10-15'),(59,'Marcus','Turner',NULL,'2020-10-15'),(28,'Maria','Craig',NULL,'2020-10-15'),(179,'Rosie','Gray',NULL,'2020-10-15'),(30,'Tiana','Holmes',NULL,'2020-10-15'),(160,'Sawyer','Bailey',NULL,'2020-10-15'),(106,'Fiona','Casey',NULL,'2020-10-15'),(64,'Lana','Robinson',NULL,'2020-10-15'),(19,'Amelia','Ross',NULL,'2020-10-15'),(187,'Reid','Perry',NULL,'2020-10-15'),(149,'Spike','Nelson',NULL,'2020-10-15'),(81,'Emma','Brooks',NULL,'2020-10-15'),(157,'Dexter','Payne',NULL,'2020-10-15'),(139,'Vivian','Armstrong',NULL,'2020-10-15'),(27,'Briony','Ross',NULL,'2020-10-15'),(89,'Freddie','Mitchell',NULL,'2020-10-15'),(154,'Adrianna','Adams',NULL,'2020-10-15'),(108,'Myra','Parker',NULL,'2020-10-15'),(15,'Melanie','Smith',NULL,'2020-10-15'),(166,'Sophia','Stevens',NULL,'2020-10-15'),(63,'Anna','Murphy',NULL,'2020-10-15'),(40,'Abigail','Thomas',NULL,'2020-10-15'),(56,'Chester','Perry',NULL,'2020-10-15'),(95,'Robert','Davis',NULL,'2020-10-15'),(199,'Brianna','Allen',NULL,'2020-10-15'),(67,'Albert','Cooper',NULL,'2020-10-15'),(132,'Eric','Spencer',NULL,'2020-10-15'),(31,'Victor','West',NULL,'2020-10-15'),(184,'Agata','Ross',NULL,'2020-10-15'),(195,'Victoria','West',NULL,'2020-10-15'),(150,'Alen','Kelley',NULL,'2020-10-15'),(78,'Aiden','Hunt',NULL,'2020-10-15'),(198,'Spike','Bailey',NULL,'2020-10-15'),(145,'Camila','Andrews',NULL,'2020-10-15'),(47,'Kevin','Cooper',NULL,'2020-10-15'),(9,'Tess','Walker',NULL,'2020-10-15'),(196,'Rosie','Higgins',NULL,'2020-10-15'),(11,'Victor','Brooks',NULL,'2020-10-15'),(65,'Aston','Evans',NULL,'2020-10-15'),(6,'Chelsea','Clark',NULL,'2020-10-15'),(43,'Leonardo','Andrews',NULL,'2020-10-15'),(168,'Alina','Casey',NULL,'2020-10-15'),(88,'Jordan','Phillips',NULL,'2020-10-15'),(66,'Frederick','Sullivan',NULL,'2020-10-15'),(151,'Elian','Jones',NULL,'2020-10-15'),(60,'Eddy','Clark',NULL,'2020-10-15'),(45,'Edgar','Ryan',NULL,'2020-10-15'),(146,'Jasmine','Stevens',NULL,'2020-10-15'),(159,'William','Kelly',NULL,'2020-10-15'),(68,'Frederick','Reed',NULL,'2020-10-15'),(92,'Harold','Clark',NULL,'2020-10-15'),(39,'Catherine','Johnston',NULL,'2020-10-15'),(194,'Violet','Scott',NULL,'2020-10-15'),(152,'Patrick','Bailey',NULL,'2020-10-15'),(197,'Stella','Evans',NULL,'2020-10-15'),(163,'Byron','Tucker',NULL,'2020-10-15'),(84,'Jessica','Higgins',NULL,'2020-10-15'),(121,'Valeria','Farrell',NULL,'2020-10-15'),(192,'Sam','Hall',NULL,'2020-10-15'),(133,'Maya','Thomas',NULL,'2020-10-15'),(25,'Alfred','Chapman',NULL,'2020-10-15'),(61,'Andrew','Myers',NULL,'2020-10-15'),(148,'Richard','Johnson',NULL,'2020-10-15'),(173,'Vivian','Alexander',NULL,'2020-10-15'),(181,'Michael','Mitchell',NULL,'2020-10-15'),(127,'Richard','Ross',NULL,'2020-10-15'),(26,'Edgar','Morgan',NULL,'2020-10-15'),(144,'Connie','Anderson',NULL,'2020-10-15'),(32,'Wilson','Armstrong',NULL,'2020-10-15'),(35,'Derek','Fowler',NULL,'2020-10-15'),(129,'Melanie','Johnson',NULL,'2020-10-15'),(117,'Henry','Gray',NULL,'2020-10-15'),(128,'Julian','Cunningham',NULL,'2020-10-15'),(113,'Audrey','Anderson',NULL,'2020-10-15'),(98,'Adele','Allen',NULL,'2020-10-15'),(119,'Spike','Murray',NULL,'2020-10-15'),(22,'Rebecca','Cameron',NULL,'2020-10-15'),(86,'Adrian','Phillips',NULL,'2020-10-15'),(177,'Kelvin','Myers',NULL,'2020-10-15'),(13,'Edward','Wells',NULL,'2020-10-15'),(41,'Wilson','Cameron',NULL,'2020-10-15'),(141,'Maddie','Stevens',NULL,'2020-10-15'),(176,'Vanessa','Sullivan',NULL,'2020-10-15'),(142,'Kimberly','Barnes',NULL,'2020-10-15'),(104,'Adam','Craig',NULL,'2020-10-15'),(156,'Alexander','Andrews',NULL,'2020-10-15'),(123,'Dexter','Thomas',NULL,'2020-10-15'),(34,'Naomi','Evans',NULL,'2020-10-15'),(147,'Ada','Crawford',NULL,'2020-10-15'),(18,'Lily','Perry',NULL,'2020-10-15'),(20,'Walter','Bailey',NULL,'2020-10-15'),(112,'Aiden','Cunningham',NULL,'2020-10-15'),(77,'James','Anderson',NULL,'2020-10-15'),(171,'Deanna','Harrison',NULL,'2020-10-15'),(200,'Melanie','Morris',NULL,'2020-10-15'),(85,'Cadie','Bennett',NULL,'2020-10-15'),(48,'Eleanor','Smith',NULL,'2020-10-15'),(134,'Grace','Miller',NULL,'2020-10-15'),(111,'Jared','Miller',NULL,'2020-10-15'),(96,'Edward','Johnston',NULL,'2020-10-15'),(137,'Vivian','Moore',NULL,'2020-10-15'),(87,'Haris','Hall',NULL,'2020-10-15'),(57,'Vanessa','Miller',NULL,'2020-10-15'),(172,'Valeria','Mitchell',NULL,'2020-10-15'),(175,'Caroline','Campbell',NULL,'2020-10-15'),(71,'Dainton','Douglas',NULL,'2020-10-15'),(94,'Joyce','Montgomery',NULL,'2020-10-15'),(14,'Grace','Elliott',NULL,'2020-10-15'),(193,'Caroline','Mitchell',NULL,'2020-10-15'),(80,'Kate','Richardson',NULL,'2020-10-15'),(53,'Tara','Carroll',NULL,'2020-10-15'),(183,'Clark','Anderson',NULL,'2020-10-15'),(50,'Abraham','Hunt',NULL,'2020-10-15'),(115,'Jordan','Wright',NULL,'2020-10-15'),(90,'Cadie','Lloyd',NULL,'2020-10-15'),(79,'Arthur','Stevens',NULL,'2020-10-15'),(23,'Cherry','Howard',NULL,'2020-10-15'),(169,'Preston','Barrett',NULL,'2020-10-15'),(162,'Carina','Brown',NULL,'2020-10-15'),(103,'Marcus','Walker',NULL,'2020-10-15'),(107,'Henry','Ross',NULL,'2020-10-15'),(76,'William','Myers',NULL,'2020-10-15'),(110,'Aida','Gray',NULL,'2020-10-15'),(189,'Samantha','Walker',NULL,'2020-10-15'),(24,'Aida','Hawkins',NULL,'2020-10-15'),(55,'John','Cole',NULL,'2020-10-15'),(72,'Michelle','Myers',NULL,'2020-10-15'),(191,'James','Henderson',NULL,'2020-10-15'),(143,'Owen','Sullivan',NULL,'2020-10-15'),(75,'Vivian','Taylor',NULL,'2020-10-15'),(105,'Natalie','Baker',NULL,'2020-10-15'),(131,'Natalie','Morris',NULL,'2020-10-15'),(93,'Spike','Murphy',NULL,'2020-10-15'),(135,'Arianna','Ferguson',NULL,'2020-10-15'),(155,'Valeria','Armstrong',NULL,'2020-10-15'),(69,'Amber','Grant',NULL,'2020-10-15'),(17,'Adam','Scott',NULL,'2020-10-15'),(118,'Leonardo','Holmes',NULL,'2020-10-15'),(99,'Aida','Nelson',NULL,'2020-10-15'),(167,'Rafael','Harper',NULL,'2020-10-15'),(54,'Frederick','Holmes',NULL,'2020-10-15'),(164,'Dominik','Hill',NULL,'2020-10-15'),(109,'Dale','Warren',NULL,'2020-10-15'),(51,'Arianna','Moore',NULL,'2020-10-15'),(91,'Dexter','Edwards',NULL,'2020-10-15'),(182,'Eddy','Turner',NULL,'2020-10-15'),(158,'Maddie','Cooper',NULL,'2020-10-15'),(116,'Adele','Ferguson',NULL,'2020-10-15'),(153,'Martin','Myers',NULL,'2020-10-15'),(120,'Dainton','Wright',NULL,'2020-10-15'),(190,'Jenna','Johnston',NULL,'2020-10-15'),(124,'Dominik','Hawkins',NULL,'2020-10-15'),(7,'Adele','Perry',NULL,'2020-10-15'),(49,'Darcy','Carroll',NULL,'2020-10-15'),(70,'Melanie','Lloyd',NULL,'2020-10-15'),(5,'Mike','Wilson',NULL,'2020-10-15'),(178,'Amelia','Cole',NULL,'2020-10-15'),(10,'Lyndon','Sullivan',NULL,'2020-10-15'),(2,'Julian','Robinson',NULL,'2020-10-15'),(140,'Elise','Holmes',NULL,'2020-10-15'),(8,'Valeria','Bailey',NULL,'2020-10-15'),(29,'Maria','Bennett',NULL,'2020-10-15'),(36,'Bruce','Hawkins',NULL,'2020-10-15'),(42,'Kate','Barrett',NULL,'2020-10-15'),(16,'Adrian','Morrison',NULL,'2020-10-15'),(3,'Amelia','Rogers',NULL,'2020-10-15'),(38,'Florrie','Hunt',NULL,'2020-10-15'),(161,'Walter','Scott',NULL,'2020-10-15'),(58,'Clark','Thomas',NULL,'2020-10-15'),(33,'Aldus','Watson',NULL,'2020-10-15'),(82,'Elian','Richards',NULL,'2020-10-15'),(1,'Agata','Watson',NULL,'2020-10-15'),(52,'Camila','Davis',NULL,'2020-10-15'),(174,'Melissa','Jones',NULL,'2020-10-15'),(180,'Lenny','Martin',NULL,'2020-10-15'),(74,'Dainton','Hamilton',NULL,'2020-10-15'),(97,'Melanie','Spencer',NULL,'2020-10-15');
/*!40000 ALTER TABLE `Employee` ENABLE KEYS */;
UNLOCK TABLES;

--
-- Table structure for table `Employee_Email`
--

DROP TABLE IF EXISTS `Employee_Email`;
/*!40101 SET @saved_cs_client     = @@character_set_client */;
/*!50503 SET character_set_client = utf8mb4 */;
CREATE TABLE `Employee_Email` (
  `EMPLOYEE_ID` int(11) DEFAULT NULL,
  `EMAIL` varchar(100) DEFAULT NULL,
  `STATUS_TYPE_CD` varchar(10) DEFAULT NULL,
  `START_DATE` date DEFAULT NULL,
  `END_DATE` date DEFAULT NULL,
  `Load_Date` date DEFAULT NULL
) ENGINE=InnoDB DEFAULT CHARSET=latin1;
/*!40101 SET character_set_client = @saved_cs_client */;

--
-- Dumping data for table `Employee_Email`
--

LOCK TABLES `Employee_Email` WRITE;
/*!40000 ALTER TABLE `Employee_Email` DISABLE KEYS */;
INSERT INTO `Employee_Email` VALUES (37,'c.carter@randatmail.com','STS001','2020-12-21','9999-12-31','2020-10-15'),(102,'s.kelley@randatmail.com','STS001','2020-12-21','9999-12-31','2020-10-15'),(138,'m.scott@randatmail.com','STS001','2020-12-21','9999-12-31','2020-10-15'),(12,'b.elliott@randatmail.com','STS001','2020-12-21','9999-12-31','2020-10-15'),(136,'a.mitchell@randatmail.com','STS001','2020-12-21','9999-12-31','2020-10-15'),(100,'r.higgins@randatmail.com','STS001','2020-12-21','9999-12-31','2020-10-15'),(4,'a.roberts@randatmail.com','STS001','2020-12-21','9999-12-31','2020-10-15'),(170,'r.gray@randatmail.com','STS001','2020-12-21','9999-12-31','2020-10-15'),(125,'e.chapman@randatmail.com','STS001','2020-12-21','9999-12-31','2020-10-15'),(73,'c.baker@randatmail.com','STS001','2020-12-21','9999-12-31','2020-10-15'),(165,'e.barrett@randatmail.com','STS001','2020-12-21','9999-12-31','2020-10-15'),(130,'j.crawford@randatmail.com','STS001','2020-12-21','9999-12-31','2020-10-15'),(186,'e.thomas@randatmail.com','STS001','2020-12-21','9999-12-31','2020-10-15'),(44,'c.alexander@randatmail.com','STS001','2020-12-21','9999-12-31','2020-10-15'),(46,'m.elliott@randatmail.com','STS001','2020-12-21','9999-12-31','2020-10-15'),(83,'a.morris@randatmail.com','STS001','2020-12-21','9999-12-31','2020-10-15'),(185,'c.perry@randatmail.com','STS001','2020-12-21','9999-12-31','2020-10-15'),(126,'s.hamilton@randatmail.com','STS001','2020-12-21','9999-12-31','2020-10-15'),(101,'m.harris@randatmail.com','STS001','2020-12-21','9999-12-31','2020-10-15'),(114,'s.rogers@randatmail.com','STS001','2020-12-21','9999-12-31','2020-10-15'),(62,'a.cunningham@randatmail.com','STS001','2020-12-21','9999-12-31','2020-10-15'),(188,'c.reed@randatmail.com','STS001','2020-12-21','9999-12-31','2020-10-15'),(21,'f.foster@randatmail.com','STS001','2020-12-21','9999-12-31','2020-10-15'),(122,'o.barrett@randatmail.com','STS001','2020-12-21','9999-12-31','2020-10-15'),(59,'m.turner@randatmail.com','STS001','2020-12-21','9999-12-31','2020-10-15'),(28,'m.craig@randatmail.com','STS001','2020-12-21','9999-12-31','2020-10-15'),(179,'r.gray@randatmail.com','STS001','2020-12-21','9999-12-31','2020-10-15'),(30,'t.holmes@randatmail.com','STS001','2020-12-21','9999-12-31','2020-10-15'),(160,'s.bailey@randatmail.com','STS001','2020-12-21','9999-12-31','2020-10-15'),(106,'f.casey@randatmail.com','STS001','2020-12-21','9999-12-31','2020-10-15'),(64,'l.robinson@randatmail.com','STS001','2020-12-21','9999-12-31','2020-10-15'),(19,'a.ross@randatmail.com','STS001','2020-12-21','9999-12-31','2020-10-15'),(187,'r.perry@randatmail.com','STS001','2020-12-21','9999-12-31','2020-10-15'),(149,'s.nelson@randatmail.com','STS001','2020-12-21','9999-12-31','2020-10-15'),(81,'e.brooks@randatmail.com','STS001','2020-12-21','9999-12-31','2020-10-15'),(157,'d.payne@randatmail.com','STS001','2020-12-21','9999-12-31','2020-10-15'),(139,'v.armstrong@randatmail.com','STS001','2020-12-21','9999-12-31','2020-10-15'),(27,'b.ross@randatmail.com','STS001','2020-12-21','9999-12-31','2020-10-15'),(89,'f.mitchell@randatmail.com','STS001','2020-12-21','9999-12-31','2020-10-15'),(154,'a.adams@randatmail.com','STS001','2020-12-21','9999-12-31','2020-10-15'),(108,'m.parker@randatmail.com','STS001','2020-12-21','9999-12-31','2020-10-15'),(15,'m.smith@randatmail.com','STS001','2020-12-21','9999-12-31','2020-10-15'),(166,'s.stevens@randatmail.com','STS001','2020-12-21','9999-12-31','2020-10-15'),(63,'a.murphy@randatmail.com','STS001','2020-12-21','9999-12-31','2020-10-15'),(40,'a.thomas@randatmail.com','STS001','2020-12-21','9999-12-31','2020-10-15'),(56,'c.perry@randatmail.com','STS001','2020-12-21','9999-12-31','2020-10-15'),(95,'r.davis@randatmail.com','STS001','2020-12-21','9999-12-31','2020-10-15'),(199,'b.allen@randatmail.com','STS001','2020-12-21','9999-12-31','2020-10-15'),(67,'a.cooper@randatmail.com','STS001','2020-12-21','9999-12-31','2020-10-15'),(132,'e.spencer@randatmail.com','STS001','2020-12-21','9999-12-31','2020-10-15'),(31,'v.west@randatmail.com','STS001','2020-12-21','9999-12-31','2020-10-15'),(184,'a.ross@randatmail.com','STS001','2020-12-21','9999-12-31','2020-10-15'),(195,'v.west@randatmail.com','STS001','2020-12-21','9999-12-31','2020-10-15'),(150,'a.kelley@randatmail.com','STS001','2020-12-21','9999-12-31','2020-10-15'),(78,'a.hunt@randatmail.com','STS001','2020-12-21','9999-12-31','2020-10-15'),(198,'s.bailey@randatmail.com','STS001','2020-12-21','9999-12-31','2020-10-15'),(145,'c.andrews@randatmail.com','STS001','2020-12-21','9999-12-31','2020-10-15'),(47,'k.cooper@randatmail.com','STS001','2020-12-21','9999-12-31','2020-10-15'),(9,'t.walker@randatmail.com','STS001','2020-12-21','9999-12-31','2020-10-15'),(196,'r.higgins@randatmail.com','STS001','2020-12-21','9999-12-31','2020-10-15'),(11,'v.brooks@randatmail.com','STS001','2020-12-21','9999-12-31','2020-10-15'),(65,'a.evans@randatmail.com','STS001','2020-12-21','9999-12-31','2020-10-15'),(6,'c.clark@randatmail.com','STS001','2020-12-21','9999-12-31','2020-10-15'),(43,'l.andrews@randatmail.com','STS001','2020-12-21','9999-12-31','2020-10-15'),(168,'a.casey@randatmail.com','STS001','2020-12-21','9999-12-31','2020-10-15'),(88,'j.phillips@randatmail.com','STS001','2020-12-21','9999-12-31','2020-10-15'),(66,'f.sullivan@randatmail.com','STS001','2020-12-21','9999-12-31','2020-10-15'),(151,'e.jones@randatmail.com','STS001','2020-12-21','9999-12-31','2020-10-15'),(60,'e.clark@randatmail.com','STS001','2020-12-21','9999-12-31','2020-10-15'),(45,'e.ryan@randatmail.com','STS001','2020-12-21','9999-12-31','2020-10-15'),(146,'j.stevens@randatmail.com','STS001','2020-12-21','9999-12-31','2020-10-15'),(159,'w.kelly@randatmail.com','STS001','2020-12-21','9999-12-31','2020-10-15'),(68,'f.reed@randatmail.com','STS001','2020-12-21','9999-12-31','2020-10-15'),(92,'h.clark@randatmail.com','STS001','2020-12-21','9999-12-31','2020-10-15'),(39,'c.johnston@randatmail.com','STS001','2020-12-21','9999-12-31','2020-10-15'),(194,'v.scott@randatmail.com','STS001','2020-12-21','9999-12-31','2020-10-15'),(152,'p.bailey@randatmail.com','STS001','2020-12-21','9999-12-31','2020-10-15'),(197,'s.evans@randatmail.com','STS001','2020-12-21','9999-12-31','2020-10-15'),(163,'b.tucker@randatmail.com','STS001','2020-12-21','9999-12-31','2020-10-15'),(84,'j.higgins@randatmail.com','STS001','2020-12-21','9999-12-31','2020-10-15'),(121,'v.farrell@randatmail.com','STS001','2020-12-21','9999-12-31','2020-10-15'),(192,'s.hall@randatmail.com','STS001','2020-12-21','9999-12-31','2020-10-15'),(133,'m.thomas@randatmail.com','STS001','2020-12-21','9999-12-31','2020-10-15'),(25,'a.chapman@randatmail.com','STS001','2020-12-21','9999-12-31','2020-10-15'),(61,'a.myers@randatmail.com','STS001','2020-12-21','9999-12-31','2020-10-15'),(148,'r.johnson@randatmail.com','STS001','2020-12-21','9999-12-31','2020-10-15'),(173,'v.alexander@randatmail.com','STS001','2020-12-21','9999-12-31','2020-10-15'),(181,'m.mitchell@randatmail.com','STS001','2020-12-21','9999-12-31','2020-10-15'),(127,'r.ross@randatmail.com','STS001','2020-12-21','9999-12-31','2020-10-15'),(26,'e.morgan@randatmail.com','STS001','2020-12-21','9999-12-31','2020-10-15'),(144,'c.anderson@randatmail.com','STS001','2020-12-21','9999-12-31','2020-10-15'),(32,'w.armstrong@randatmail.com','STS001','2020-12-21','9999-12-31','2020-10-15'),(35,'d.fowler@randatmail.com','STS001','2020-12-21','9999-12-31','2020-10-15'),(129,'m.johnson@randatmail.com','STS001','2020-12-21','9999-12-31','2020-10-15'),(117,'h.gray@randatmail.com','STS001','2020-12-21','9999-12-31','2020-10-15'),(128,'j.cunningham@randatmail.com','STS001','2020-12-21','9999-12-31','2020-10-15'),(113,'a.anderson@randatmail.com','STS001','2020-12-21','9999-12-31','2020-10-15'),(98,'a.allen@randatmail.com','STS001','2020-12-21','9999-12-31','2020-10-15'),(119,'s.murray@randatmail.com','STS001','2020-12-21','9999-12-31','2020-10-15'),(22,'r.cameron@randatmail.com','STS001','2020-12-21','9999-12-31','2020-10-15'),(86,'a.phillips@randatmail.com','STS001','2020-12-21','9999-12-31','2020-10-15'),(177,'k.myers@randatmail.com','STS001','2020-12-21','9999-12-31','2020-10-15'),(13,'e.wells@randatmail.com','STS001','2020-12-21','9999-12-31','2020-10-15'),(41,'w.cameron@randatmail.com','STS001','2020-12-21','9999-12-31','2020-10-15'),(141,'m.stevens@randatmail.com','STS001','2020-12-21','9999-12-31','2020-10-15'),(176,'v.sullivan@randatmail.com','STS001','2020-12-21','9999-12-31','2020-10-15'),(142,'k.barnes@randatmail.com','STS001','2020-12-21','9999-12-31','2020-10-15'),(104,'a.craig@randatmail.com','STS001','2020-12-21','9999-12-31','2020-10-15'),(156,'a.andrews@randatmail.com','STS001','2020-12-21','9999-12-31','2020-10-15'),(123,'d.thomas@randatmail.com','STS001','2020-12-21','9999-12-31','2020-10-15'),(34,'n.evans@randatmail.com','STS001','2020-12-21','9999-12-31','2020-10-15'),(147,'a.crawford@randatmail.com','STS001','2020-12-21','9999-12-31','2020-10-15'),(18,'l.perry@randatmail.com','STS001','2020-12-21','9999-12-31','2020-10-15'),(20,'w.bailey@randatmail.com','STS001','2020-12-21','9999-12-31','2020-10-15'),(112,'a.cunningham@randatmail.com','STS001','2020-12-21','9999-12-31','2020-10-15'),(77,'j.anderson@randatmail.com','STS001','2020-12-21','9999-12-31','2020-10-15'),(171,'d.harrison@randatmail.com','STS001','2020-12-21','9999-12-31','2020-10-15'),(200,'m.morris@randatmail.com','STS001','2020-12-21','9999-12-31','2020-10-15'),(85,'c.bennett@randatmail.com','STS001','2020-12-21','9999-12-31','2020-10-15'),(48,'e.smith@randatmail.com','STS001','2020-12-21','9999-12-31','2020-10-15'),(134,'g.miller@randatmail.com','STS001','2020-12-21','9999-12-31','2020-10-15'),(111,'j.miller@randatmail.com','STS001','2020-12-21','9999-12-31','2020-10-15'),(96,'e.johnston@randatmail.com','STS001','2020-12-21','9999-12-31','2020-10-15'),(137,'v.moore@randatmail.com','STS001','2020-12-21','9999-12-31','2020-10-15'),(87,'h.hall@randatmail.com','STS001','2020-12-21','9999-12-31','2020-10-15'),(57,'v.miller@randatmail.com','STS001','2020-12-21','9999-12-31','2020-10-15'),(172,'v.mitchell@randatmail.com','STS001','2020-12-21','9999-12-31','2020-10-15'),(175,'c.campbell@randatmail.com','STS001','2020-12-21','9999-12-31','2020-10-15'),(71,'d.douglas@randatmail.com','STS001','2020-12-21','9999-12-31','2020-10-15'),(94,'j.montgomery@randatmail.com','STS001','2020-12-21','9999-12-31','2020-10-15'),(14,'g.elliott@randatmail.com','STS001','2020-12-21','9999-12-31','2020-10-15'),(193,'c.mitchell@randatmail.com','STS001','2020-12-21','9999-12-31','2020-10-15'),(80,'k.richardson@randatmail.com','STS001','2020-12-21','9999-12-31','2020-10-15'),(53,'t.carroll@randatmail.com','STS001','2020-12-21','9999-12-31','2020-10-15'),(183,'c.anderson@randatmail.com','STS001','2020-12-21','9999-12-31','2020-10-15'),(50,'a.hunt@randatmail.com','STS001','2020-12-21','9999-12-31','2020-10-15'),(115,'j.wright@randatmail.com','STS001','2020-12-21','9999-12-31','2020-10-15'),(90,'c.lloyd@randatmail.com','STS001','2020-12-21','9999-12-31','2020-10-15'),(79,'a.stevens@randatmail.com','STS001','2020-12-21','9999-12-31','2020-10-15'),(23,'c.howard@randatmail.com','STS001','2020-12-21','9999-12-31','2020-10-15'),(169,'p.barrett@randatmail.com','STS001','2020-12-21','9999-12-31','2020-10-15'),(162,'c.brown@randatmail.com','STS001','2020-12-21','9999-12-31','2020-10-15'),(103,'m.walker@randatmail.com','STS001','2020-12-21','9999-12-31','2020-10-15'),(107,'h.ross@randatmail.com','STS001','2020-12-21','9999-12-31','2020-10-15'),(76,'w.myers@randatmail.com','STS001','2020-12-21','9999-12-31','2020-10-15'),(110,'a.gray@randatmail.com','STS001','2020-12-21','9999-12-31','2020-10-15'),(189,'s.walker@randatmail.com','STS001','2020-12-21','9999-12-31','2020-10-15'),(24,'a.hawkins@randatmail.com','STS001','2020-12-21','9999-12-31','2020-10-15'),(55,'j.cole@randatmail.com','STS001','2020-12-21','9999-12-31','2020-10-15'),(72,'m.myers@randatmail.com','STS001','2020-12-21','9999-12-31','2020-10-15'),(191,'j.henderson@randatmail.com','STS001','2020-12-21','9999-12-31','2020-10-15'),(143,'o.sullivan@randatmail.com','STS001','2020-12-21','9999-12-31','2020-10-15'),(75,'v.taylor@randatmail.com','STS001','2020-12-21','9999-12-31','2020-10-15'),(105,'n.baker@randatmail.com','STS001','2020-12-21','9999-12-31','2020-10-15'),(131,'n.morris@randatmail.com','STS001','2020-12-21','9999-12-31','2020-10-15'),(93,'s.murphy@randatmail.com','STS001','2020-12-21','9999-12-31','2020-10-15'),(135,'a.ferguson@randatmail.com','STS001','2020-12-21','9999-12-31','2020-10-15'),(155,'v.armstrong@randatmail.com','STS001','2020-12-21','9999-12-31','2020-10-15'),(69,'a.grant@randatmail.com','STS001','2020-12-21','9999-12-31','2020-10-15'),(17,'a.scott@randatmail.com','STS001','2020-12-21','9999-12-31','2020-10-15'),(118,'l.holmes@randatmail.com','STS001','2020-12-21','9999-12-31','2020-10-15'),(99,'a.nelson@randatmail.com','STS001','2020-12-21','9999-12-31','2020-10-15'),(167,'r.harper@randatmail.com','STS001','2020-12-21','9999-12-31','2020-10-15'),(54,'f.holmes@randatmail.com','STS001','2020-12-21','9999-12-31','2020-10-15'),(164,'d.hill@randatmail.com','STS001','2020-12-21','9999-12-31','2020-10-15'),(109,'d.warren@randatmail.com','STS001','2020-12-21','9999-12-31','2020-10-15'),(51,'a.moore@randatmail.com','STS001','2020-12-21','9999-12-31','2020-10-15'),(91,'d.edwards@randatmail.com','STS001','2020-12-21','9999-12-31','2020-10-15'),(182,'e.turner@randatmail.com','STS001','2020-12-21','9999-12-31','2020-10-15'),(158,'m.cooper@randatmail.com','STS001','2020-12-21','9999-12-31','2020-10-15'),(116,'a.ferguson@randatmail.com','STS001','2020-12-21','9999-12-31','2020-10-15'),(153,'m.myers@randatmail.com','STS001','2020-12-21','9999-12-31','2020-10-15'),(120,'d.wright@randatmail.com','STS001','2020-12-21','9999-12-31','2020-10-15'),(190,'j.johnston@randatmail.com','STS001','2020-12-21','9999-12-31','2020-10-15'),(124,'d.hawkins@randatmail.com','STS001','2020-12-21','9999-12-31','2020-10-15'),(7,'a.perry@randatmail.com','STS001','2020-12-21','9999-12-31','2020-10-15'),(49,'d.carroll@randatmail.com','STS001','2020-12-21','9999-12-31','2020-10-15'),(70,'m.lloyd@randatmail.com','STS001','2020-12-21','9999-12-31','2020-10-15'),(5,'m.wilson@randatmail.com','STS001','2020-12-21','9999-12-31','2020-10-15'),(178,'a.cole@randatmail.com','STS001','2020-12-21','9999-12-31','2020-10-15'),(10,'l.sullivan@randatmail.com','STS001','2020-12-21','9999-12-31','2020-10-15'),(2,'j.robinson@randatmail.com','STS001','2020-12-21','9999-12-31','2020-10-15'),(140,'e.holmes@randatmail.com','STS001','2020-12-21','9999-12-31','2020-10-15'),(8,'v.bailey@randatmail.com','STS001','2020-12-21','9999-12-31','2020-10-15'),(29,'m.bennett@randatmail.com','STS001','2020-12-21','9999-12-31','2020-10-15'),(36,'b.hawkins@randatmail.com','STS001','2020-12-21','9999-12-31','2020-10-15'),(42,'k.barrett@randatmail.com','STS001','2020-12-21','9999-12-31','2020-10-15'),(16,'a.morrison@randatmail.com','STS001','2020-12-21','9999-12-31','2020-10-15'),(3,'a.rogers@randatmail.com','STS001','2020-12-21','9999-12-31','2020-10-15'),(38,'f.hunt@randatmail.com','STS001','2020-12-21','9999-12-31','2020-10-15'),(161,'w.scott@randatmail.com','STS001','2020-12-21','9999-12-31','2020-10-15'),(58,'c.thomas@randatmail.com','STS001','2020-12-21','9999-12-31','2020-10-15'),(33,'a.watson@randatmail.com','STS001','2020-12-21','9999-12-31','2020-10-15'),(82,'e.richards@randatmail.com','STS001','2020-12-21','9999-12-31','2020-10-15'),(1,'a.watson@randatmail.com','STS001','2020-12-21','9999-12-31','2020-10-15'),(52,'c.davis@randatmail.com','STS001','2020-12-21','9999-12-31','2020-10-15'),(174,'m.jones@randatmail.com','STS001','2020-12-21','9999-12-31','2020-10-15'),(180,'l.martin@randatmail.com','STS001','2020-12-21','9999-12-31','2020-10-15'),(74,'d.hamilton@randatmail.com','STS001','2020-12-21','9999-12-31','2020-10-15'),(97,'m.spencer@randatmail.com','STS001','2020-12-21','9999-12-31','2020-10-15');
/*!40000 ALTER TABLE `Employee_Email` ENABLE KEYS */;
UNLOCK TABLES;

--
-- Table structure for table `Employee_Phone`
--

DROP TABLE IF EXISTS `Employee_Phone`;
/*!40101 SET @saved_cs_client     = @@character_set_client */;
/*!50503 SET character_set_client = utf8mb4 */;
CREATE TABLE `Employee_Phone` (
  `EMPLOYEE_ID` int(11) DEFAULT NULL,
  `PHONE` varchar(100) DEFAULT NULL,
  `STATUS_TYPE_CD` varchar(10) DEFAULT NULL,
  `START_DATE` date DEFAULT NULL,
  `END_DATE` date DEFAULT NULL,
  `Load_Date` date DEFAULT NULL
) ENGINE=InnoDB DEFAULT CHARSET=latin1;
/*!40101 SET character_set_client = @saved_cs_client */;

--
-- Dumping data for table `Employee_Phone`
--

LOCK TABLES `Employee_Phone` WRITE;
/*!40000 ALTER TABLE `Employee_Phone` DISABLE KEYS */;
INSERT INTO `Employee_Phone` VALUES (37,'897-8543-01','STS001','2020-12-21','9999-12-31','2020-10-15'),(102,'322-4612-36','STS001','2020-12-21','9999-12-31','2020-10-15'),(138,'049-8596-94','STS001','2020-12-21','9999-12-31','2020-10-15'),(12,'700-8374-84','STS001','2020-12-21','9999-12-31','2020-10-15'),(136,'444-2734-00','STS001','2020-12-21','9999-12-31','2020-10-15'),(100,'219-7346-97','STS001','2020-12-21','9999-12-31','2020-10-15'),(4,'962-5655-12','STS001','2020-12-21','9999-12-31','2020-10-15'),(170,'049-2995-91','STS001','2020-12-21','9999-12-31','2020-10-15'),(125,'584-4685-96','STS001','2020-12-21','9999-12-31','2020-10-15'),(73,'888-2279-01','STS001','2020-12-21','9999-12-31','2020-10-15'),(165,'094-1736-65','STS001','2020-12-21','9999-12-31','2020-10-15'),(130,'672-3155-19','STS001','2020-12-21','9999-12-31','2020-10-15'),(186,'469-6099-54','STS001','2020-12-21','9999-12-31','2020-10-15'),(44,'002-6469-88','STS001','2020-12-21','9999-12-31','2020-10-15'),(46,'988-5014-53','STS001','2020-12-21','9999-12-31','2020-10-15'),(83,'713-8390-25','STS001','2020-12-21','9999-12-31','2020-10-15'),(185,'638-8243-74','STS001','2020-12-21','9999-12-31','2020-10-15'),(126,'203-9667-23','STS001','2020-12-21','9999-12-31','2020-10-15'),(101,'219-8710-22','STS001','2020-12-21','9999-12-31','2020-10-15'),(114,'811-7699-11','STS001','2020-12-21','9999-12-31','2020-10-15'),(62,'180-6861-18','STS001','2020-12-21','9999-12-31','2020-10-15'),(188,'216-4283-47','STS001','2020-12-21','9999-12-31','2020-10-15'),(21,'043-1116-98','STS001','2020-12-21','9999-12-31','2020-10-15'),(122,'902-9889-37','STS001','2020-12-21','9999-12-31','2020-10-15'),(59,'986-3577-26','STS001','2020-12-21','9999-12-31','2020-10-15'),(28,'729-0220-89','STS001','2020-12-21','9999-12-31','2020-10-15'),(179,'582-0253-40','STS001','2020-12-21','9999-12-31','2020-10-15'),(30,'042-9871-16','STS001','2020-12-21','9999-12-31','2020-10-15'),(160,'326-5618-57','STS001','2020-12-21','9999-12-31','2020-10-15'),(106,'977-2118-33','STS001','2020-12-21','9999-12-31','2020-10-15'),(64,'725-3375-70','STS001','2020-12-21','9999-12-31','2020-10-15'),(19,'833-7164-57','STS001','2020-12-21','9999-12-31','2020-10-15'),(187,'290-3117-58','STS001','2020-12-21','9999-12-31','2020-10-15'),(149,'326-7383-06','STS001','2020-12-21','9999-12-31','2020-10-15'),(81,'529-8222-81','STS001','2020-12-21','9999-12-31','2020-10-15'),(157,'165-0789-34','STS001','2020-12-21','9999-12-31','2020-10-15'),(139,'693-2269-76','STS001','2020-12-21','9999-12-31','2020-10-15'),(27,'315-2360-93','STS001','2020-12-21','9999-12-31','2020-10-15'),(89,'491-1768-27','STS001','2020-12-21','9999-12-31','2020-10-15'),(154,'359-4044-61','STS001','2020-12-21','9999-12-31','2020-10-15'),(108,'867-9583-72','STS001','2020-12-21','9999-12-31','2020-10-15'),(15,'853-8514-13','STS001','2020-12-21','9999-12-31','2020-10-15'),(166,'568-8907-57','STS001','2020-12-21','9999-12-31','2020-10-15'),(63,'793-6511-52','STS001','2020-12-21','9999-12-31','2020-10-15'),(40,'494-2153-71','STS001','2020-12-21','9999-12-31','2020-10-15'),(56,'587-1310-69','STS001','2020-12-21','9999-12-31','2020-10-15'),(95,'597-0664-51','STS001','2020-12-21','9999-12-31','2020-10-15'),(199,'577-1732-60','STS001','2020-12-21','9999-12-31','2020-10-15'),(67,'956-2843-26','STS001','2020-12-21','9999-12-31','2020-10-15'),(132,'553-3294-27','STS001','2020-12-21','9999-12-31','2020-10-15'),(31,'808-5770-26','STS001','2020-12-21','9999-12-31','2020-10-15'),(184,'561-1104-47','STS001','2020-12-21','9999-12-31','2020-10-15'),(195,'039-8567-37','STS001','2020-12-21','9999-12-31','2020-10-15'),(150,'128-1355-34','STS001','2020-12-21','9999-12-31','2020-10-15'),(78,'719-6888-13','STS001','2020-12-21','9999-12-31','2020-10-15'),(198,'755-5343-55','STS001','2020-12-21','9999-12-31','2020-10-15'),(145,'607-8350-19','STS001','2020-12-21','9999-12-31','2020-10-15'),(47,'542-4383-46','STS001','2020-12-21','9999-12-31','2020-10-15'),(9,'777-0620-55','STS001','2020-12-21','9999-12-31','2020-10-15'),(196,'730-2816-75','STS001','2020-12-21','9999-12-31','2020-10-15'),(11,'607-8000-70','STS001','2020-12-21','9999-12-31','2020-10-15'),(65,'927-4994-31','STS001','2020-12-21','9999-12-31','2020-10-15'),(6,'932-0897-36','STS001','2020-12-21','9999-12-31','2020-10-15'),(43,'719-6689-40','STS001','2020-12-21','9999-12-31','2020-10-15'),(168,'102-9657-75','STS001','2020-12-21','9999-12-31','2020-10-15'),(88,'373-3876-40','STS001','2020-12-21','9999-12-31','2020-10-15'),(66,'414-7361-26','STS001','2020-12-21','9999-12-31','2020-10-15'),(151,'048-0451-97','STS001','2020-12-21','9999-12-31','2020-10-15'),(60,'505-2957-61','STS001','2020-12-21','9999-12-31','2020-10-15'),(45,'583-5856-09','STS001','2020-12-21','9999-12-31','2020-10-15'),(146,'782-0901-73','STS001','2020-12-21','9999-12-31','2020-10-15'),(159,'858-9091-13','STS001','2020-12-21','9999-12-31','2020-10-15'),(68,'602-6738-77','STS001','2020-12-21','9999-12-31','2020-10-15'),(92,'253-9193-83','STS001','2020-12-21','9999-12-31','2020-10-15'),(39,'363-7380-57','STS001','2020-12-21','9999-12-31','2020-10-15'),(194,'000-5635-18','STS001','2020-12-21','9999-12-31','2020-10-15'),(152,'963-8739-64','STS001','2020-12-21','9999-12-31','2020-10-15'),(197,'388-5611-31','STS001','2020-12-21','9999-12-31','2020-10-15'),(163,'356-1254-49','STS001','2020-12-21','9999-12-31','2020-10-15'),(84,'285-3848-91','STS001','2020-12-21','9999-12-31','2020-10-15'),(121,'198-4852-35','STS001','2020-12-21','9999-12-31','2020-10-15'),(192,'960-7780-02','STS001','2020-12-21','9999-12-31','2020-10-15'),(133,'580-1135-74','STS001','2020-12-21','9999-12-31','2020-10-15'),(25,'153-6102-37','STS001','2020-12-21','9999-12-31','2020-10-15'),(61,'197-8291-25','STS001','2020-12-21','9999-12-31','2020-10-15'),(148,'254-9770-34','STS001','2020-12-21','9999-12-31','2020-10-15'),(173,'962-3684-58','STS001','2020-12-21','9999-12-31','2020-10-15'),(181,'049-2786-92','STS001','2020-12-21','9999-12-31','2020-10-15'),(127,'793-6592-54','STS001','2020-12-21','9999-12-31','2020-10-15'),(26,'358-6903-49','STS001','2020-12-21','9999-12-31','2020-10-15'),(144,'624-9335-99','STS001','2020-12-21','9999-12-31','2020-10-15'),(32,'951-1377-60','STS001','2020-12-21','9999-12-31','2020-10-15'),(35,'701-2597-67','STS001','2020-12-21','9999-12-31','2020-10-15'),(129,'822-3349-85','STS001','2020-12-21','9999-12-31','2020-10-15'),(117,'285-5392-07','STS001','2020-12-21','9999-12-31','2020-10-15'),(128,'954-1864-76','STS001','2020-12-21','9999-12-31','2020-10-15'),(113,'929-0702-85','STS001','2020-12-21','9999-12-31','2020-10-15'),(98,'481-8727-09','STS001','2020-12-21','9999-12-31','2020-10-15'),(119,'398-7849-42','STS001','2020-12-21','9999-12-31','2020-10-15'),(22,'007-8972-40','STS001','2020-12-21','9999-12-31','2020-10-15'),(86,'819-1506-18','STS001','2020-12-21','9999-12-31','2020-10-15'),(177,'258-8464-16','STS001','2020-12-21','9999-12-31','2020-10-15'),(13,'087-9540-36','STS001','2020-12-21','9999-12-31','2020-10-15'),(41,'315-4247-74','STS001','2020-12-21','9999-12-31','2020-10-15'),(141,'917-8058-29','STS001','2020-12-21','9999-12-31','2020-10-15'),(176,'363-3546-77','STS001','2020-12-21','9999-12-31','2020-10-15'),(142,'421-5882-37','STS001','2020-12-21','9999-12-31','2020-10-15'),(104,'348-8622-32','STS001','2020-12-21','9999-12-31','2020-10-15'),(156,'618-6013-84','STS001','2020-12-21','9999-12-31','2020-10-15'),(123,'716-2969-96','STS001','2020-12-21','9999-12-31','2020-10-15'),(34,'477-3811-50','STS001','2020-12-21','9999-12-31','2020-10-15'),(147,'390-1352-08','STS001','2020-12-21','9999-12-31','2020-10-15'),(18,'302-5905-49','STS001','2020-12-21','9999-12-31','2020-10-15'),(20,'972-0210-05','STS001','2020-12-21','9999-12-31','2020-10-15'),(112,'943-9187-13','STS001','2020-12-21','9999-12-31','2020-10-15'),(77,'681-5013-19','STS001','2020-12-21','9999-12-31','2020-10-15'),(171,'900-1285-34','STS001','2020-12-21','9999-12-31','2020-10-15'),(200,'074-8009-03','STS001','2020-12-21','9999-12-31','2020-10-15'),(85,'939-4588-56','STS001','2020-12-21','9999-12-31','2020-10-15'),(48,'754-4051-15','STS001','2020-12-21','9999-12-31','2020-10-15'),(134,'687-7551-62','STS001','2020-12-21','9999-12-31','2020-10-15'),(111,'523-5046-04','STS001','2020-12-21','9999-12-31','2020-10-15'),(96,'006-6214-28','STS001','2020-12-21','9999-12-31','2020-10-15'),(137,'183-4270-83','STS001','2020-12-21','9999-12-31','2020-10-15'),(87,'802-1586-04','STS001','2020-12-21','9999-12-31','2020-10-15'),(57,'173-1181-99','STS001','2020-12-21','9999-12-31','2020-10-15'),(172,'701-0135-68','STS001','2020-12-21','9999-12-31','2020-10-15'),(175,'224-8485-34','STS001','2020-12-21','9999-12-31','2020-10-15'),(71,'496-2731-19','STS001','2020-12-21','9999-12-31','2020-10-15'),(94,'222-9643-05','STS001','2020-12-21','9999-12-31','2020-10-15'),(14,'637-8577-34','STS001','2020-12-21','9999-12-31','2020-10-15'),(193,'932-8537-33','STS001','2020-12-21','9999-12-31','2020-10-15'),(80,'268-6300-19','STS001','2020-12-21','9999-12-31','2020-10-15'),(53,'030-1781-80','STS001','2020-12-21','9999-12-31','2020-10-15'),(183,'372-8692-71','STS001','2020-12-21','9999-12-31','2020-10-15'),(50,'343-7856-61','STS001','2020-12-21','9999-12-31','2020-10-15'),(115,'797-0341-69','STS001','2020-12-21','9999-12-31','2020-10-15'),(90,'919-0724-56','STS001','2020-12-21','9999-12-31','2020-10-15'),(79,'747-5269-63','STS001','2020-12-21','9999-12-31','2020-10-15'),(23,'586-9719-65','STS001','2020-12-21','9999-12-31','2020-10-15'),(169,'103-7622-21','STS001','2020-12-21','9999-12-31','2020-10-15'),(162,'863-1648-11','STS001','2020-12-21','9999-12-31','2020-10-15'),(103,'951-2751-59','STS001','2020-12-21','9999-12-31','2020-10-15'),(107,'310-5694-48','STS001','2020-12-21','9999-12-31','2020-10-15'),(76,'488-6256-35','STS001','2020-12-21','9999-12-31','2020-10-15'),(110,'835-7064-53','STS001','2020-12-21','9999-12-31','2020-10-15'),(189,'883-5965-85','STS001','2020-12-21','9999-12-31','2020-10-15'),(24,'183-9602-58','STS001','2020-12-21','9999-12-31','2020-10-15'),(55,'144-2467-71','STS001','2020-12-21','9999-12-31','2020-10-15'),(72,'127-0505-46','STS001','2020-12-21','9999-12-31','2020-10-15'),(191,'294-1036-55','STS001','2020-12-21','9999-12-31','2020-10-15'),(143,'121-4839-93','STS001','2020-12-21','9999-12-31','2020-10-15'),(75,'026-5433-57','STS001','2020-12-21','9999-12-31','2020-10-15'),(105,'991-0686-60','STS001','2020-12-21','9999-12-31','2020-10-15'),(131,'038-7177-61','STS001','2020-12-21','9999-12-31','2020-10-15'),(93,'507-8791-50','STS001','2020-12-21','9999-12-31','2020-10-15'),(135,'437-2675-59','STS001','2020-12-21','9999-12-31','2020-10-15'),(155,'821-1122-40','STS001','2020-12-21','9999-12-31','2020-10-15'),(69,'377-7784-31','STS001','2020-12-21','9999-12-31','2020-10-15'),(17,'955-9432-73','STS001','2020-12-21','9999-12-31','2020-10-15'),(118,'095-5947-23','STS001','2020-12-21','9999-12-31','2020-10-15'),(99,'692-2129-22','STS001','2020-12-21','9999-12-31','2020-10-15'),(167,'719-6383-45','STS001','2020-12-21','9999-12-31','2020-10-15'),(54,'370-1391-74','STS001','2020-12-21','9999-12-31','2020-10-15'),(164,'514-1489-66','STS001','2020-12-21','9999-12-31','2020-10-15'),(109,'332-7856-04','STS001','2020-12-21','9999-12-31','2020-10-15'),(51,'560-1599-93','STS001','2020-12-21','9999-12-31','2020-10-15'),(91,'283-4880-07','STS001','2020-12-21','9999-12-31','2020-10-15'),(182,'265-2281-32','STS001','2020-12-21','9999-12-31','2020-10-15'),(158,'957-0898-68','STS001','2020-12-21','9999-12-31','2020-10-15'),(116,'575-2131-00','STS001','2020-12-21','9999-12-31','2020-10-15'),(153,'110-5783-82','STS001','2020-12-21','9999-12-31','2020-10-15'),(120,'170-7156-80','STS001','2020-12-21','9999-12-31','2020-10-15'),(190,'668-3905-99','STS001','2020-12-21','9999-12-31','2020-10-15'),(124,'688-0124-12','STS001','2020-12-21','9999-12-31','2020-10-15'),(7,'672-9734-82','STS001','2020-12-21','9999-12-31','2020-10-15'),(49,'682-9334-88','STS001','2020-12-21','9999-12-31','2020-10-15'),(70,'928-8030-75','STS001','2020-12-21','9999-12-31','2020-10-15'),(5,'400-9276-67','STS001','2020-12-21','9999-12-31','2020-10-15'),(178,'184-8719-42','STS001','2020-12-21','9999-12-31','2020-10-15'),(10,'324-8721-63','STS001','2020-12-21','9999-12-31','2020-10-15'),(2,'363-1247-86','STS001','2020-12-21','9999-12-31','2020-10-15'),(140,'534-8674-41','STS001','2020-12-21','9999-12-31','2020-10-15'),(8,'594-3483-36','STS001','2020-12-21','9999-12-31','2020-10-15'),(29,'320-7527-03','STS001','2020-12-21','9999-12-31','2020-10-15'),(36,'068-1788-82','STS001','2020-12-21','9999-12-31','2020-10-15'),(42,'447-8186-23','STS001','2020-12-21','9999-12-31','2020-10-15'),(16,'123-4423-39','STS001','2020-12-21','9999-12-31','2020-10-15'),(3,'877-5192-49','STS001','2020-12-21','9999-12-31','2020-10-15'),(38,'054-8884-28','STS001','2020-12-21','9999-12-31','2020-10-15'),(161,'392-7381-99','STS001','2020-12-21','9999-12-31','2020-10-15'),(58,'949-4941-91','STS001','2020-12-21','9999-12-31','2020-10-15'),(33,'273-2247-80','STS001','2020-12-21','9999-12-31','2020-10-15'),(82,'077-6317-74','STS001','2020-12-21','9999-12-31','2020-10-15'),(1,'373-3504-13','STS001','2020-12-21','9999-12-31','2020-10-15'),(52,'075-9226-53','STS001','2020-12-21','9999-12-31','2020-10-15'),(174,'773-7556-07','STS001','2020-12-21','9999-12-31','2020-10-15'),(180,'810-7162-67','STS001','2020-12-21','9999-12-31','2020-10-15'),(74,'663-9958-71','STS001','2020-12-21','9999-12-31','2020-10-15'),(97,'022-5476-13','STS001','2020-12-21','9999-12-31','2020-10-15');
/*!40000 ALTER TABLE `Employee_Phone` ENABLE KEYS */;
UNLOCK TABLES;

--
-- Table structure for table `Employee_Status`
--

DROP TABLE IF EXISTS `Employee_Status`;
/*!40101 SET @saved_cs_client     = @@character_set_client */;
/*!50503 SET character_set_client = utf8mb4 */;
CREATE TABLE `Employee_Status` (
  `EMPLOYEE_ID` int(11) DEFAULT NULL,
  `STATUS_TYPE_CD` varchar(10) DEFAULT NULL,
  `START_DATE` date DEFAULT NULL,
  `END_DATE` date DEFAULT NULL,
  `Load_Date` date DEFAULT NULL
) ENGINE=InnoDB DEFAULT CHARSET=latin1;
/*!40101 SET character_set_client = @saved_cs_client */;

--
-- Dumping data for table `Employee_Status`
--

LOCK TABLES `Employee_Status` WRITE;
/*!40000 ALTER TABLE `Employee_Status` DISABLE KEYS */;
INSERT INTO `Employee_Status` VALUES (37,'STS001','2020-12-21','9999-12-31','2020-10-15'),(102,'STS001','2020-12-21','9999-12-31','2020-10-15'),(138,'STS001','2020-12-21','9999-12-31','2020-10-15'),(12,'STS001','2020-12-21','9999-12-31','2020-10-15'),(136,'STS001','2020-12-21','9999-12-31','2020-10-15'),(100,'STS001','2020-12-21','9999-12-31','2020-10-15'),(4,'STS001','2020-12-21','9999-12-31','2020-10-15'),(170,'STS001','2020-12-21','9999-12-31','2020-10-15'),(125,'STS001','2020-12-21','9999-12-31','2020-10-15'),(73,'STS001','2020-12-21','9999-12-31','2020-10-15'),(165,'STS001','2020-12-21','9999-12-31','2020-10-15'),(130,'STS001','2020-12-21','9999-12-31','2020-10-15'),(186,'STS001','2020-12-21','9999-12-31','2020-10-15'),(44,'STS001','2020-12-21','9999-12-31','2020-10-15'),(46,'STS001','2020-12-21','9999-12-31','2020-10-15'),(83,'STS001','2020-12-21','9999-12-31','2020-10-15'),(185,'STS001','2020-12-21','9999-12-31','2020-10-15'),(126,'STS001','2020-12-21','9999-12-31','2020-10-15'),(101,'STS001','2020-12-21','9999-12-31','2020-10-15'),(114,'STS001','2020-12-21','9999-12-31','2020-10-15'),(62,'STS001','2020-12-21','9999-12-31','2020-10-15'),(188,'STS001','2020-12-21','9999-12-31','2020-10-15'),(21,'STS001','2020-12-21','9999-12-31','2020-10-15'),(122,'STS001','2020-12-21','9999-12-31','2020-10-15'),(59,'STS001','2020-12-21','9999-12-31','2020-10-15'),(28,'STS001','2020-12-21','9999-12-31','2020-10-15'),(179,'STS001','2020-12-21','9999-12-31','2020-10-15'),(30,'STS001','2020-12-21','9999-12-31','2020-10-15'),(160,'STS001','2020-12-21','9999-12-31','2020-10-15'),(106,'STS001','2020-12-21','9999-12-31','2020-10-15'),(64,'STS001','2020-12-21','9999-12-31','2020-10-15'),(19,'STS001','2020-12-21','9999-12-31','2020-10-15'),(187,'STS001','2020-12-21','9999-12-31','2020-10-15'),(149,'STS001','2020-12-21','9999-12-31','2020-10-15'),(81,'STS001','2020-12-21','9999-12-31','2020-10-15'),(157,'STS001','2020-12-21','9999-12-31','2020-10-15'),(139,'STS001','2020-12-21','9999-12-31','2020-10-15'),(27,'STS001','2020-12-21','9999-12-31','2020-10-15'),(89,'STS001','2020-12-21','9999-12-31','2020-10-15'),(154,'STS001','2020-12-21','9999-12-31','2020-10-15'),(108,'STS001','2020-12-21','9999-12-31','2020-10-15'),(15,'STS001','2020-12-21','9999-12-31','2020-10-15'),(166,'STS001','2020-12-21','9999-12-31','2020-10-15'),(63,'STS001','2020-12-21','9999-12-31','2020-10-15'),(40,'STS001','2020-12-21','9999-12-31','2020-10-15'),(56,'STS001','2020-12-21','9999-12-31','2020-10-15'),(95,'STS001','2020-12-21','9999-12-31','2020-10-15'),(199,'STS001','2020-12-21','9999-12-31','2020-10-15'),(67,'STS001','2020-12-21','9999-12-31','2020-10-15'),(132,'STS001','2020-12-21','9999-12-31','2020-10-15'),(31,'STS001','2020-12-21','9999-12-31','2020-10-15'),(184,'STS001','2020-12-21','9999-12-31','2020-10-15'),(195,'STS001','2020-12-21','9999-12-31','2020-10-15'),(150,'STS001','2020-12-21','9999-12-31','2020-10-15'),(78,'STS001','2020-12-21','9999-12-31','2020-10-15'),(198,'STS001','2020-12-21','9999-12-31','2020-10-15'),(145,'STS001','2020-12-21','9999-12-31','2020-10-15'),(47,'STS001','2020-12-21','9999-12-31','2020-10-15'),(9,'STS001','2020-12-21','9999-12-31','2020-10-15'),(196,'STS001','2020-12-21','9999-12-31','2020-10-15'),(11,'STS001','2020-12-21','9999-12-31','2020-10-15'),(65,'STS001','2020-12-21','9999-12-31','2020-10-15'),(6,'STS001','2020-12-21','9999-12-31','2020-10-15'),(43,'STS001','2020-12-21','9999-12-31','2020-10-15'),(168,'STS001','2020-12-21','9999-12-31','2020-10-15'),(88,'STS001','2020-12-21','9999-12-31','2020-10-15'),(66,'STS001','2020-12-21','9999-12-31','2020-10-15'),(151,'STS001','2020-12-21','9999-12-31','2020-10-15'),(60,'STS001','2020-12-21','9999-12-31','2020-10-15'),(45,'STS001','2020-12-21','9999-12-31','2020-10-15'),(146,'STS001','2020-12-21','9999-12-31','2020-10-15'),(159,'STS001','2020-12-21','9999-12-31','2020-10-15'),(68,'STS001','2020-12-21','9999-12-31','2020-10-15'),(92,'STS001','2020-12-21','9999-12-31','2020-10-15'),(39,'STS001','2020-12-21','9999-12-31','2020-10-15'),(194,'STS001','2020-12-21','9999-12-31','2020-10-15'),(152,'STS001','2020-12-21','9999-12-31','2020-10-15'),(197,'STS001','2020-12-21','9999-12-31','2020-10-15'),(163,'STS001','2020-12-21','9999-12-31','2020-10-15'),(84,'STS001','2020-12-21','9999-12-31','2020-10-15'),(121,'STS001','2020-12-21','9999-12-31','2020-10-15'),(192,'STS001','2020-12-21','9999-12-31','2020-10-15'),(133,'STS001','2020-12-21','9999-12-31','2020-10-15'),(25,'STS001','2020-12-21','9999-12-31','2020-10-15'),(61,'STS001','2020-12-21','9999-12-31','2020-10-15'),(148,'STS001','2020-12-21','9999-12-31','2020-10-15'),(173,'STS001','2020-12-21','9999-12-31','2020-10-15'),(181,'STS001','2020-12-21','9999-12-31','2020-10-15'),(127,'STS001','2020-12-21','9999-12-31','2020-10-15'),(26,'STS001','2020-12-21','9999-12-31','2020-10-15'),(144,'STS001','2020-12-21','9999-12-31','2020-10-15'),(32,'STS001','2020-12-21','9999-12-31','2020-10-15'),(35,'STS001','2020-12-21','9999-12-31','2020-10-15'),(129,'STS001','2020-12-21','9999-12-31','2020-10-15'),(117,'STS001','2020-12-21','9999-12-31','2020-10-15'),(128,'STS001','2020-12-21','9999-12-31','2020-10-15'),(113,'STS001','2020-12-21','9999-12-31','2020-10-15'),(98,'STS001','2020-12-21','9999-12-31','2020-10-15'),(119,'STS001','2020-12-21','9999-12-31','2020-10-15'),(22,'STS001','2020-12-21','9999-12-31','2020-10-15'),(86,'STS001','2020-12-21','9999-12-31','2020-10-15'),(177,'STS001','2020-12-21','9999-12-31','2020-10-15'),(13,'STS001','2020-12-21','9999-12-31','2020-10-15'),(41,'STS001','2020-12-21','9999-12-31','2020-10-15'),(141,'STS001','2020-12-21','9999-12-31','2020-10-15'),(176,'STS001','2020-12-21','9999-12-31','2020-10-15'),(142,'STS001','2020-12-21','9999-12-31','2020-10-15'),(104,'STS001','2020-12-21','9999-12-31','2020-10-15'),(156,'STS001','2020-12-21','9999-12-31','2020-10-15'),(123,'STS001','2020-12-21','9999-12-31','2020-10-15'),(34,'STS001','2020-12-21','9999-12-31','2020-10-15'),(147,'STS001','2020-12-21','9999-12-31','2020-10-15'),(18,'STS001','2020-12-21','9999-12-31','2020-10-15'),(20,'STS001','2020-12-21','9999-12-31','2020-10-15'),(112,'STS001','2020-12-21','9999-12-31','2020-10-15'),(77,'STS001','2020-12-21','9999-12-31','2020-10-15'),(171,'STS001','2020-12-21','9999-12-31','2020-10-15'),(200,'STS001','2020-12-21','9999-12-31','2020-10-15'),(85,'STS001','2020-12-21','9999-12-31','2020-10-15'),(48,'STS001','2020-12-21','9999-12-31','2020-10-15'),(134,'STS001','2020-12-21','9999-12-31','2020-10-15'),(111,'STS001','2020-12-21','9999-12-31','2020-10-15'),(96,'STS001','2020-12-21','9999-12-31','2020-10-15'),(137,'STS001','2020-12-21','9999-12-31','2020-10-15'),(87,'STS001','2020-12-21','9999-12-31','2020-10-15'),(57,'STS001','2020-12-21','9999-12-31','2020-10-15'),(172,'STS001','2020-12-21','9999-12-31','2020-10-15'),(175,'STS001','2020-12-21','9999-12-31','2020-10-15'),(71,'STS001','2020-12-21','9999-12-31','2020-10-15'),(94,'STS001','2020-12-21','9999-12-31','2020-10-15'),(14,'STS001','2020-12-21','9999-12-31','2020-10-15'),(193,'STS001','2020-12-21','9999-12-31','2020-10-15'),(80,'STS001','2020-12-21','9999-12-31','2020-10-15'),(53,'STS001','2020-12-21','9999-12-31','2020-10-15'),(183,'STS001','2020-12-21','9999-12-31','2020-10-15'),(50,'STS001','2020-12-21','9999-12-31','2020-10-15'),(115,'STS001','2020-12-21','9999-12-31','2020-10-15'),(90,'STS001','2020-12-21','9999-12-31','2020-10-15'),(79,'STS001','2020-12-21','9999-12-31','2020-10-15'),(23,'STS001','2020-12-21','9999-12-31','2020-10-15'),(169,'STS001','2020-12-21','9999-12-31','2020-10-15'),(162,'STS001','2020-12-21','9999-12-31','2020-10-15'),(103,'STS001','2020-12-21','9999-12-31','2020-10-15'),(107,'STS001','2020-12-21','9999-12-31','2020-10-15'),(76,'STS001','2020-12-21','9999-12-31','2020-10-15'),(110,'STS001','2020-12-21','9999-12-31','2020-10-15'),(189,'STS001','2020-12-21','9999-12-31','2020-10-15'),(24,'STS001','2020-12-21','9999-12-31','2020-10-15'),(55,'STS001','2020-12-21','9999-12-31','2020-10-15'),(72,'STS001','2020-12-21','9999-12-31','2020-10-15'),(191,'STS001','2020-12-21','9999-12-31','2020-10-15'),(143,'STS001','2020-12-21','9999-12-31','2020-10-15'),(75,'STS001','2020-12-21','9999-12-31','2020-10-15'),(105,'STS001','2020-12-21','9999-12-31','2020-10-15'),(131,'STS001','2020-12-21','9999-12-31','2020-10-15'),(93,'STS001','2020-12-21','9999-12-31','2020-10-15'),(135,'STS001','2020-12-21','9999-12-31','2020-10-15'),(155,'STS001','2020-12-21','9999-12-31','2020-10-15'),(69,'STS001','2020-12-21','9999-12-31','2020-10-15'),(17,'STS001','2020-12-21','9999-12-31','2020-10-15'),(118,'STS001','2020-12-21','9999-12-31','2020-10-15'),(99,'STS001','2020-12-21','9999-12-31','2020-10-15'),(167,'STS001','2020-12-21','9999-12-31','2020-10-15'),(54,'STS001','2020-12-21','9999-12-31','2020-10-15'),(164,'STS001','2020-12-21','9999-12-31','2020-10-15'),(109,'STS001','2020-12-21','9999-12-31','2020-10-15'),(51,'STS001','2020-12-21','9999-12-31','2020-10-15'),(91,'STS001','2020-12-21','9999-12-31','2020-10-15'),(182,'STS001','2020-12-21','9999-12-31','2020-10-15'),(158,'STS001','2020-12-21','9999-12-31','2020-10-15'),(116,'STS001','2020-12-21','9999-12-31','2020-10-15'),(153,'STS001','2020-12-21','9999-12-31','2020-10-15'),(120,'STS001','2020-12-21','9999-12-31','2020-10-15'),(190,'STS001','2020-12-21','9999-12-31','2020-10-15'),(124,'STS001','2020-12-21','9999-12-31','2020-10-15'),(7,'STS001','2020-12-21','9999-12-31','2020-10-15'),(49,'STS001','2020-12-21','9999-12-31','2020-10-15'),(70,'STS001','2020-12-21','9999-12-31','2020-10-15'),(5,'STS001','2020-12-21','9999-12-31','2020-10-15'),(178,'STS001','2020-12-21','9999-12-31','2020-10-15'),(10,'STS001','2020-12-21','9999-12-31','2020-10-15'),(2,'STS001','2020-12-21','9999-12-31','2020-10-15'),(140,'STS001','2020-12-21','9999-12-31','2020-10-15'),(8,'STS001','2020-12-21','9999-12-31','2020-10-15'),(29,'STS001','2020-12-21','9999-12-31','2020-10-15'),(36,'STS001','2020-12-21','9999-12-31','2020-10-15'),(42,'STS001','2020-12-21','9999-12-31','2020-10-15'),(16,'STS001','2020-12-21','9999-12-31','2020-10-15'),(3,'STS001','2020-12-21','9999-12-31','2020-10-15'),(38,'STS001','2020-12-21','9999-12-31','2020-10-15'),(161,'STS001','2020-12-21','9999-12-31','2020-10-15'),(58,'STS001','2020-12-21','9999-12-31','2020-10-15'),(33,'STS001','2020-12-21','9999-12-31','2020-10-15'),(82,'STS001','2020-12-21','9999-12-31','2020-10-15'),(1,'STS001','2020-12-21','9999-12-31','2020-10-15'),(52,'STS001','2020-12-21','9999-12-31','2020-10-15'),(174,'STS001','2020-12-21','9999-12-31','2020-10-15'),(180,'STS001','2020-12-21','9999-12-31','2020-10-15'),(74,'STS001','2020-12-21','9999-12-31','2020-10-15'),(97,'STS001','2020-12-21','9999-12-31','2020-10-15');
/*!40000 ALTER TABLE `Employee_Status` ENABLE KEYS */;
UNLOCK TABLES;

--
-- Table structure for table `employee_manager`
--

DROP TABLE IF EXISTS `employee_manager`;
/*!40101 SET @saved_cs_client     = @@character_set_client */;
/*!50503 SET character_set_client = utf8mb4 */;
CREATE TABLE `employee_manager` (
  `emp_manager_id` int(11) NOT NULL AUTO_INCREMENT,
  `employee_ID` int(11) DEFAULT NULL,
  `Manager_ID` int(11) DEFAULT NULL,
  `Status_TYPE_CD` varchar(10) DEFAULT NULL,
  `start_Date` date DEFAULT NULL,
  `end_date` date DEFAULT NULL,
  `Load_Date` date DEFAULT NULL,
  PRIMARY KEY (`emp_manager_id`)
) ENGINE=InnoDB AUTO_INCREMENT=101 DEFAULT CHARSET=latin1;
/*!40101 SET character_set_client = @saved_cs_client */;

--
-- Dumping data for table `employee_manager`
--

LOCK TABLES `employee_manager` WRITE;
/*!40000 ALTER TABLE `employee_manager` DISABLE KEYS */;
INSERT INTO `employee_manager` VALUES (2,59,59,'STS001','2019-11-05','9999-12-31','2020-10-15'),(3,61,60,'STS001','2019-11-05','9999-12-31','2020-10-15'),(4,62,60,'STS001','2019-11-05','9999-12-31','2020-10-15'),(5,63,60,'STS001','2019-11-05','9999-12-31','2020-10-15'),(6,64,60,'STS001','2019-11-05','9999-12-31','2020-10-15'),(7,65,60,'STS001','2019-11-05','9999-12-31','2020-10-15'),(8,66,60,'STS001','2019-11-05','9999-12-31','2020-10-15'),(9,67,60,'STS001','2019-11-05','9999-12-31','2020-10-15'),(10,68,60,'STS001','2019-11-05','9999-12-31','2020-10-15'),(11,69,60,'STS001','2019-11-05','9999-12-31','2020-10-15'),(12,70,59,'STS001','2019-11-05','9999-12-31','2020-10-15'),(13,71,70,'STS001','2019-11-05','9999-12-31','2020-10-15'),(14,72,70,'STS001','2019-11-05','9999-12-31','2020-10-15'),(15,73,70,'STS001','2019-11-05','9999-12-31','2020-10-15'),(16,74,70,'STS001','2019-11-05','9999-12-31','2020-10-15'),(17,75,70,'STS001','2019-11-05','9999-12-31','2020-10-15'),(18,76,70,'STS001','2019-11-05','9999-12-31','2020-10-15'),(19,77,70,'STS001','2019-11-05','9999-12-31','2020-10-15'),(20,78,70,'STS001','2019-11-05','9999-12-31','2020-10-15'),(21,79,70,'STS001','2019-11-05','9999-12-31','2020-10-15'),(22,80,59,'STS001','2019-11-05','9999-12-31','2020-10-15'),(23,81,80,'STS001','2019-11-05','9999-12-31','2020-10-15'),(24,82,80,'STS001','2019-11-05','9999-12-31','2020-10-15'),(25,83,80,'STS001','2019-11-05','9999-12-31','2020-10-15'),(26,84,80,'STS001','2019-11-05','9999-12-31','2020-10-15'),(27,85,80,'STS001','2019-11-05','9999-12-31','2020-10-15'),(28,86,80,'STS001','2019-11-05','9999-12-31','2020-10-15'),(29,87,80,'STS001','2019-11-05','9999-12-31','2020-10-15'),(30,88,80,'STS001','2019-11-05','9999-12-31','2020-10-15'),(31,89,80,'STS001','2019-11-05','9999-12-31','2020-10-15'),(32,90,59,'STS001','2019-11-05','9999-12-31','2020-10-15'),(33,91,90,'STS001','2019-11-05','9999-12-31','2020-10-15'),(34,92,90,'STS001','2019-11-05','9999-12-31','2020-10-15'),(35,93,90,'STS001','2019-11-05','9999-12-31','2020-10-15'),(36,94,90,'STS001','2019-11-05','9999-12-31','2020-10-15'),(37,95,90,'STS001','2019-11-05','9999-12-31','2020-10-15'),(38,96,90,'STS001','2019-11-05','9999-12-31','2020-10-15'),(39,97,90,'STS001','2019-11-05','9999-12-31','2020-10-15'),(40,98,90,'STS001','2019-11-05','9999-12-31','2020-10-15'),(41,99,90,'STS001','2019-11-05','9999-12-31','2020-10-15'),(42,100,59,'STS001','2019-11-05','9999-12-31','2020-10-15'),(43,101,100,'STS001','2019-11-05','9999-12-31','2020-10-15'),(44,102,100,'STS001','2019-11-05','9999-12-31','2020-10-15'),(45,103,100,'STS001','2019-11-05','9999-12-31','2020-10-15'),(46,104,100,'STS001','2019-11-05','9999-12-31','2020-10-15'),(47,105,100,'STS001','2019-11-05','9999-12-31','2020-10-15'),(48,106,100,'STS001','2019-11-05','9999-12-31','2020-10-15'),(49,107,100,'STS001','2019-11-05','9999-12-31','2020-10-15'),(50,108,100,'STS001','2019-11-05','9999-12-31','2020-10-15'),(51,109,100,'STS001','2019-11-05','9999-12-31','2020-10-15'),(52,110,59,'STS001','2019-11-05','9999-12-31','2020-10-15'),(53,111,110,'STS001','2019-11-05','9999-12-31','2020-10-15'),(54,112,110,'STS001','2019-11-05','9999-12-31','2020-10-15'),(55,113,110,'STS001','2019-11-05','9999-12-31','2020-10-15'),(56,114,110,'STS001','2019-11-05','9999-12-31','2020-10-15'),(57,115,110,'STS001','2019-11-05','9999-12-31','2020-10-15'),(58,116,110,'STS001','2019-11-05','9999-12-31','2020-10-15'),(59,117,110,'STS001','2019-11-05','9999-12-31','2020-10-15'),(60,118,110,'STS001','2019-11-05','9999-12-31','2020-10-15'),(61,119,110,'STS001','2019-11-05','9999-12-31','2020-10-15'),(62,120,59,'STS001','2019-11-05','9999-12-31','2020-10-15'),(63,121,120,'STS001','2019-11-05','9999-12-31','2020-10-15'),(64,122,120,'STS001','2019-11-05','9999-12-31','2020-10-15'),(65,123,120,'STS001','2019-11-05','9999-12-31','2020-10-15'),(66,124,120,'STS001','2019-11-05','9999-12-31','2020-10-15'),(67,125,120,'STS001','2019-11-05','9999-12-31','2020-10-15'),(68,126,120,'STS001','2019-11-05','9999-12-31','2020-10-15'),(69,127,120,'STS001','2019-11-05','9999-12-31','2020-10-15'),(70,128,120,'STS001','2019-11-05','9999-12-31','2020-10-15'),(71,129,120,'STS001','2019-11-05','9999-12-31','2020-10-15'),(72,130,59,'STS001','2019-11-05','9999-12-31','2020-10-15'),(73,131,130,'STS001','2019-11-05','9999-12-31','2020-10-15'),(74,132,130,'STS001','2019-11-05','9999-12-31','2020-10-15'),(75,133,130,'STS001','2019-11-05','9999-12-31','2020-10-15'),(76,134,130,'STS001','2019-11-05','9999-12-31','2020-10-15'),(77,135,130,'STS001','2019-11-05','9999-12-31','2020-10-15'),(78,136,130,'STS001','2019-11-05','9999-12-31','2020-10-15'),(79,137,130,'STS001','2019-11-05','9999-12-31','2020-10-15'),(80,138,130,'STS001','2019-11-05','9999-12-31','2020-10-15'),(81,139,130,'STS001','2019-11-05','9999-12-31','2020-10-15'),(82,140,59,'STS001','2019-11-05','9999-12-31','2020-10-15'),(83,141,140,'STS001','2019-11-05','9999-12-31','2020-10-15'),(84,142,140,'STS001','2019-11-05','9999-12-31','2020-10-15'),(85,143,140,'STS001','2019-11-05','9999-12-31','2020-10-15'),(86,144,140,'STS001','2019-11-05','9999-12-31','2020-10-15'),(87,145,140,'STS001','2019-11-05','9999-12-31','2020-10-15'),(88,146,140,'STS001','2019-11-05','9999-12-31','2020-10-15'),(89,147,140,'STS001','2019-11-05','9999-12-31','2020-10-15'),(90,148,140,'STS001','2019-11-05','9999-12-31','2020-10-15'),(91,149,140,'STS001','2019-11-05','9999-12-31','2020-10-15'),(92,150,59,'STS001','2019-11-05','9999-12-31','2020-10-15'),(93,151,150,'STS001','2019-11-05','9999-12-31','2020-10-15'),(94,152,150,'STS001','2019-11-05','9999-12-31','2020-10-15'),(95,153,150,'STS001','2019-11-05','9999-12-31','2020-10-15'),(96,154,150,'STS001','2019-11-05','9999-12-31','2020-10-15'),(97,155,150,'STS001','2019-11-05','9999-12-31','2020-10-15'),(98,156,150,'STS001','2019-11-05','9999-12-31','2020-10-15'),(99,157,150,'STS001','2019-11-05','9999-12-31','2020-10-15'),(100,158,150,'STS001','2019-11-05','9999-12-31','2020-10-15');
/*!40000 ALTER TABLE `employee_manager` ENABLE KEYS */;
UNLOCK TABLES;
/*!40103 SET TIME_ZONE=@OLD_TIME_ZONE */;

/*!40101 SET SQL_MODE=@OLD_SQL_MODE */;
/*!40014 SET FOREIGN_KEY_CHECKS=@OLD_FOREIGN_KEY_CHECKS */;
/*!40014 SET UNIQUE_CHECKS=@OLD_UNIQUE_CHECKS */;
/*!40101 SET CHARACTER_SET_CLIENT=@OLD_CHARACTER_SET_CLIENT */;
/*!40101 SET CHARACTER_SET_RESULTS=@OLD_CHARACTER_SET_RESULTS */;
/*!40101 SET COLLATION_CONNECTION=@OLD_COLLATION_CONNECTION */;
/*!40111 SET SQL_NOTES=@OLD_SQL_NOTES */;

-- Dump completed on 2021-01-04  9:59:32
-- MySQL dump 10.13  Distrib 8.0.21, for Win64 (x86_64)
--
-- Host: 52.169.179.74    Database: SEMANTIC
-- ------------------------------------------------------
-- Server version	5.7.32

/*!40101 SET @OLD_CHARACTER_SET_CLIENT=@@CHARACTER_SET_CLIENT */;
/*!40101 SET @OLD_CHARACTER_SET_RESULTS=@@CHARACTER_SET_RESULTS */;
/*!40101 SET @OLD_COLLATION_CONNECTION=@@COLLATION_CONNECTION */;
/*!50503 SET NAMES utf8 */;
/*!40103 SET @OLD_TIME_ZONE=@@TIME_ZONE */;
/*!40103 SET TIME_ZONE='+00:00' */;
/*!40014 SET @OLD_UNIQUE_CHECKS=@@UNIQUE_CHECKS, UNIQUE_CHECKS=0 */;
/*!40014 SET @OLD_FOREIGN_KEY_CHECKS=@@FOREIGN_KEY_CHECKS, FOREIGN_KEY_CHECKS=0 */;
/*!40101 SET @OLD_SQL_MODE=@@SQL_MODE, SQL_MODE='NO_AUTO_VALUE_ON_ZERO' */;
/*!40111 SET @OLD_SQL_NOTES=@@SQL_NOTES, SQL_NOTES=0 */;

--
-- Table structure for table `Employee_Dim`
--

DROP TABLE IF EXISTS `Employee_Dim`;
/*!40101 SET @saved_cs_client     = @@character_set_client */;
/*!50503 SET character_set_client = utf8mb4 */;
CREATE TABLE `Employee_Dim` (
  `employee_id` int(11) DEFAULT NULL,
  `employee_status` varchar(30) DEFAULT NULL,
  `number_of_employees` int(11) DEFAULT NULL,
  `First_Name` varchar(30) DEFAULT NULL,
  `Last_Name` varchar(30) DEFAULT NULL,
  `Email` varchar(100) DEFAULT NULL,
  `Phone` varchar(30) DEFAULT NULL,
  `Load_Date` date DEFAULT NULL
) ENGINE=InnoDB DEFAULT CHARSET=latin1;
/*!40101 SET character_set_client = @saved_cs_client */;

--
-- Dumping data for table `Employee_Dim`
--

LOCK TABLES `Employee_Dim` WRITE;
/*!40000 ALTER TABLE `Employee_Dim` DISABLE KEYS */;
INSERT INTO `Employee_Dim` VALUES (37,'STS001',0,'Clark','Carter','c.carter@randatmail.com','897-8543-01','2020-10-15'),(102,'STS001',0,'Sabrina','Kelley','s.kelley@randatmail.com','322-4612-36','2020-10-15'),(138,'STS001',0,'Melanie','Scott','m.scott@randatmail.com','049-8596-94','2020-10-15'),(12,'STS001',0,'Brooke','Elliott','b.elliott@randatmail.com','700-8374-84','2020-10-15'),(136,'STS001',0,'Arthur','Mitchell','a.mitchell@randatmail.com','444-2734-00','2020-10-15'),(100,'STS001',9,'Rubie','Higgins','r.higgins@randatmail.com','219-7346-97','2020-10-15'),(4,'STS001',0,'Alisa','Roberts','a.roberts@randatmail.com','962-5655-12','2020-10-15'),(170,'STS001',0,'Ryan','Gray','r.gray@randatmail.com','049-2995-91','2020-10-15'),(125,'STS001',0,'Emma','Chapman','e.chapman@randatmail.com','584-4685-96','2020-10-15'),(73,'STS001',0,'Camila','Baker','c.baker@randatmail.com','888-2279-01','2020-10-15'),(165,'STS001',0,'Edith','Barrett','e.barrett@randatmail.com','094-1736-65','2020-10-15'),(130,'STS001',9,'Jack','Crawford','j.crawford@randatmail.com','672-3155-19','2020-10-15'),(186,'STS001',0,'Evelyn','Thomas','e.thomas@randatmail.com','469-6099-54','2020-10-15'),(44,'STS001',0,'Chester','Alexander','c.alexander@randatmail.com','002-6469-88','2020-10-15'),(46,'STS001',0,'Michelle','Elliott','m.elliott@randatmail.com','988-5014-53','2020-10-15'),(83,'STS001',0,'Alen','Morris','a.morris@randatmail.com','713-8390-25','2020-10-15'),(185,'STS001',0,'Clark','Perry','c.perry@randatmail.com','638-8243-74','2020-10-15'),(126,'STS001',0,'Samantha','Hamilton','s.hamilton@randatmail.com','203-9667-23','2020-10-15'),(101,'STS001',0,'Mike','Harris','m.harris@randatmail.com','219-8710-22','2020-10-15'),(114,'STS001',0,'Sarah','Rogers','s.rogers@randatmail.com','811-7699-11','2020-10-15'),(62,'STS001',0,'Alisa','Cunningham','a.cunningham@randatmail.com','180-6861-18','2020-10-15'),(188,'STS001',0,'Cadie','Reed','c.reed@randatmail.com','216-4283-47','2020-10-15'),(21,'STS001',0,'Fenton','Foster','f.foster@randatmail.com','043-1116-98','2020-10-15'),(122,'STS001',0,'Oliver','Barrett','o.barrett@randatmail.com','902-9889-37','2020-10-15'),(59,'STS001',10,'Marcus','Turner','m.turner@randatmail.com','986-3577-26','2020-10-15'),(28,'STS001',0,'Maria','Craig','m.craig@randatmail.com','729-0220-89','2020-10-15'),(179,'STS001',0,'Rosie','Gray','r.gray@randatmail.com','582-0253-40','2020-10-15'),(30,'STS001',0,'Tiana','Holmes','t.holmes@randatmail.com','042-9871-16','2020-10-15'),(160,'STS001',0,'Sawyer','Bailey','s.bailey@randatmail.com','326-5618-57','2020-10-15'),(106,'STS001',0,'Fiona','Casey','f.casey@randatmail.com','977-2118-33','2020-10-15'),(64,'STS001',0,'Lana','Robinson','l.robinson@randatmail.com','725-3375-70','2020-10-15'),(19,'STS001',0,'Amelia','Ross','a.ross@randatmail.com','833-7164-57','2020-10-15'),(187,'STS001',0,'Reid','Perry','r.perry@randatmail.com','290-3117-58','2020-10-15'),(149,'STS001',0,'Spike','Nelson','s.nelson@randatmail.com','326-7383-06','2020-10-15'),(81,'STS001',0,'Emma','Brooks','e.brooks@randatmail.com','529-8222-81','2020-10-15'),(157,'STS001',0,'Dexter','Payne','d.payne@randatmail.com','165-0789-34','2020-10-15'),(139,'STS001',0,'Vivian','Armstrong','v.armstrong@randatmail.com','693-2269-76','2020-10-15'),(27,'STS001',0,'Briony','Ross','b.ross@randatmail.com','315-2360-93','2020-10-15'),(89,'STS001',0,'Freddie','Mitchell','f.mitchell@randatmail.com','491-1768-27','2020-10-15'),(154,'STS001',0,'Adrianna','Adams','a.adams@randatmail.com','359-4044-61','2020-10-15'),(108,'STS001',0,'Myra','Parker','m.parker@randatmail.com','867-9583-72','2020-10-15'),(15,'STS001',0,'Melanie','Smith','m.smith@randatmail.com','853-8514-13','2020-10-15'),(166,'STS001',0,'Sophia','Stevens','s.stevens@randatmail.com','568-8907-57','2020-10-15'),(63,'STS001',0,'Anna','Murphy','a.murphy@randatmail.com','793-6511-52','2020-10-15'),(40,'STS001',0,'Abigail','Thomas','a.thomas@randatmail.com','494-2153-71','2020-10-15'),(56,'STS001',0,'Chester','Perry','c.perry@randatmail.com','587-1310-69','2020-10-15'),(95,'STS001',0,'Robert','Davis','r.davis@randatmail.com','597-0664-51','2020-10-15'),(199,'STS001',0,'Brianna','Allen','b.allen@randatmail.com','577-1732-60','2020-10-15'),(67,'STS001',0,'Albert','Cooper','a.cooper@randatmail.com','956-2843-26','2020-10-15'),(132,'STS001',0,'Eric','Spencer','e.spencer@randatmail.com','553-3294-27','2020-10-15'),(31,'STS001',0,'Victor','West','v.west@randatmail.com','808-5770-26','2020-10-15'),(184,'STS001',0,'Agata','Ross','a.ross@randatmail.com','561-1104-47','2020-10-15'),(195,'STS001',0,'Victoria','West','v.west@randatmail.com','039-8567-37','2020-10-15'),(150,'STS001',8,'Alen','Kelley','a.kelley@randatmail.com','128-1355-34','2020-10-15'),(78,'STS001',0,'Aiden','Hunt','a.hunt@randatmail.com','719-6888-13','2020-10-15'),(198,'STS001',0,'Spike','Bailey','s.bailey@randatmail.com','755-5343-55','2020-10-15'),(145,'STS001',0,'Camila','Andrews','c.andrews@randatmail.com','607-8350-19','2020-10-15'),(47,'STS001',0,'Kevin','Cooper','k.cooper@randatmail.com','542-4383-46','2020-10-15'),(9,'STS001',0,'Tess','Walker','t.walker@randatmail.com','777-0620-55','2020-10-15'),(196,'STS001',0,'Rosie','Higgins','r.higgins@randatmail.com','730-2816-75','2020-10-15'),(11,'STS001',0,'Victor','Brooks','v.brooks@randatmail.com','607-8000-70','2020-10-15'),(65,'STS001',0,'Aston','Evans','a.evans@randatmail.com','927-4994-31','2020-10-15'),(6,'STS001',0,'Chelsea','Clark','c.clark@randatmail.com','932-0897-36','2020-10-15'),(43,'STS001',0,'Leonardo','Andrews','l.andrews@randatmail.com','719-6689-40','2020-10-15'),(168,'STS001',0,'Alina','Casey','a.casey@randatmail.com','102-9657-75','2020-10-15'),(88,'STS001',0,'Jordan','Phillips','j.phillips@randatmail.com','373-3876-40','2020-10-15'),(66,'STS001',0,'Frederick','Sullivan','f.sullivan@randatmail.com','414-7361-26','2020-10-15'),(151,'STS001',0,'Elian','Jones','e.jones@randatmail.com','048-0451-97','2020-10-15'),(60,'STS001',9,'Eddy','Clark','e.clark@randatmail.com','505-2957-61','2020-10-15'),(45,'STS001',0,'Edgar','Ryan','e.ryan@randatmail.com','583-5856-09','2020-10-15'),(146,'STS001',0,'Jasmine','Stevens','j.stevens@randatmail.com','782-0901-73','2020-10-15'),(159,'STS001',0,'William','Kelly','w.kelly@randatmail.com','858-9091-13','2020-10-15'),(68,'STS001',0,'Frederick','Reed','f.reed@randatmail.com','602-6738-77','2020-10-15'),(92,'STS001',0,'Harold','Clark','h.clark@randatmail.com','253-9193-83','2020-10-15'),(39,'STS001',0,'Catherine','Johnston','c.johnston@randatmail.com','363-7380-57','2020-10-15'),(194,'STS001',0,'Violet','Scott','v.scott@randatmail.com','000-5635-18','2020-10-15'),(152,'STS001',0,'Patrick','Bailey','p.bailey@randatmail.com','963-8739-64','2020-10-15'),(197,'STS001',0,'Stella','Evans','s.evans@randatmail.com','388-5611-31','2020-10-15'),(163,'STS001',0,'Byron','Tucker','b.tucker@randatmail.com','356-1254-49','2020-10-15'),(84,'STS001',0,'Jessica','Higgins','j.higgins@randatmail.com','285-3848-91','2020-10-15'),(121,'STS001',0,'Valeria','Farrell','v.farrell@randatmail.com','198-4852-35','2020-10-15'),(192,'STS001',0,'Sam','Hall','s.hall@randatmail.com','960-7780-02','2020-10-15'),(133,'STS001',0,'Maya','Thomas','m.thomas@randatmail.com','580-1135-74','2020-10-15'),(25,'STS001',0,'Alfred','Chapman','a.chapman@randatmail.com','153-6102-37','2020-10-15'),(61,'STS001',0,'Andrew','Myers','a.myers@randatmail.com','197-8291-25','2020-10-15'),(148,'STS001',0,'Richard','Johnson','r.johnson@randatmail.com','254-9770-34','2020-10-15'),(173,'STS001',0,'Vivian','Alexander','v.alexander@randatmail.com','962-3684-58','2020-10-15'),(181,'STS001',0,'Michael','Mitchell','m.mitchell@randatmail.com','049-2786-92','2020-10-15'),(127,'STS001',0,'Richard','Ross','r.ross@randatmail.com','793-6592-54','2020-10-15'),(26,'STS001',0,'Edgar','Morgan','e.morgan@randatmail.com','358-6903-49','2020-10-15'),(144,'STS001',0,'Connie','Anderson','c.anderson@randatmail.com','624-9335-99','2020-10-15'),(32,'STS001',0,'Wilson','Armstrong','w.armstrong@randatmail.com','951-1377-60','2020-10-15'),(35,'STS001',0,'Derek','Fowler','d.fowler@randatmail.com','701-2597-67','2020-10-15'),(129,'STS001',0,'Melanie','Johnson','m.johnson@randatmail.com','822-3349-85','2020-10-15'),(117,'STS001',0,'Henry','Gray','h.gray@randatmail.com','285-5392-07','2020-10-15'),(128,'STS001',0,'Julian','Cunningham','j.cunningham@randatmail.com','954-1864-76','2020-10-15'),(113,'STS001',0,'Audrey','Anderson','a.anderson@randatmail.com','929-0702-85','2020-10-15'),(98,'STS001',0,'Adele','Allen','a.allen@randatmail.com','481-8727-09','2020-10-15'),(119,'STS001',0,'Spike','Murray','s.murray@randatmail.com','398-7849-42','2020-10-15'),(22,'STS001',0,'Rebecca','Cameron','r.cameron@randatmail.com','007-8972-40','2020-10-15'),(86,'STS001',0,'Adrian','Phillips','a.phillips@randatmail.com','819-1506-18','2020-10-15'),(177,'STS001',0,'Kelvin','Myers','k.myers@randatmail.com','258-8464-16','2020-10-15'),(13,'STS001',0,'Edward','Wells','e.wells@randatmail.com','087-9540-36','2020-10-15'),(41,'STS001',0,'Wilson','Cameron','w.cameron@randatmail.com','315-4247-74','2020-10-15'),(141,'STS001',0,'Maddie','Stevens','m.stevens@randatmail.com','917-8058-29','2020-10-15'),(176,'STS001',0,'Vanessa','Sullivan','v.sullivan@randatmail.com','363-3546-77','2020-10-15'),(142,'STS001',0,'Kimberly','Barnes','k.barnes@randatmail.com','421-5882-37','2020-10-15'),(104,'STS001',0,'Adam','Craig','a.craig@randatmail.com','348-8622-32','2020-10-15'),(156,'STS001',0,'Alexander','Andrews','a.andrews@randatmail.com','618-6013-84','2020-10-15'),(123,'STS001',0,'Dexter','Thomas','d.thomas@randatmail.com','716-2969-96','2020-10-15'),(34,'STS001',0,'Naomi','Evans','n.evans@randatmail.com','477-3811-50','2020-10-15'),(147,'STS001',0,'Ada','Crawford','a.crawford@randatmail.com','390-1352-08','2020-10-15'),(18,'STS001',0,'Lily','Perry','l.perry@randatmail.com','302-5905-49','2020-10-15'),(20,'STS001',0,'Walter','Bailey','w.bailey@randatmail.com','972-0210-05','2020-10-15'),(112,'STS001',0,'Aiden','Cunningham','a.cunningham@randatmail.com','943-9187-13','2020-10-15'),(77,'STS001',0,'James','Anderson','j.anderson@randatmail.com','681-5013-19','2020-10-15'),(171,'STS001',0,'Deanna','Harrison','d.harrison@randatmail.com','900-1285-34','2020-10-15'),(200,'STS001',0,'Melanie','Morris','m.morris@randatmail.com','074-8009-03','2020-10-15'),(85,'STS001',0,'Cadie','Bennett','c.bennett@randatmail.com','939-4588-56','2020-10-15'),(48,'STS001',0,'Eleanor','Smith','e.smith@randatmail.com','754-4051-15','2020-10-15'),(134,'STS001',0,'Grace','Miller','g.miller@randatmail.com','687-7551-62','2020-10-15'),(111,'STS001',0,'Jared','Miller','j.miller@randatmail.com','523-5046-04','2020-10-15'),(96,'STS001',0,'Edward','Johnston','e.johnston@randatmail.com','006-6214-28','2020-10-15'),(137,'STS001',0,'Vivian','Moore','v.moore@randatmail.com','183-4270-83','2020-10-15'),(87,'STS001',0,'Haris','Hall','h.hall@randatmail.com','802-1586-04','2020-10-15'),(57,'STS001',0,'Vanessa','Miller','v.miller@randatmail.com','173-1181-99','2020-10-15'),(172,'STS001',0,'Valeria','Mitchell','v.mitchell@randatmail.com','701-0135-68','2020-10-15'),(175,'STS001',0,'Caroline','Campbell','c.campbell@randatmail.com','224-8485-34','2020-10-15'),(71,'STS001',0,'Dainton','Douglas','d.douglas@randatmail.com','496-2731-19','2020-10-15'),(94,'STS001',0,'Joyce','Montgomery','j.montgomery@randatmail.com','222-9643-05','2020-10-15'),(14,'STS001',0,'Grace','Elliott','g.elliott@randatmail.com','637-8577-34','2020-10-15'),(193,'STS001',0,'Caroline','Mitchell','c.mitchell@randatmail.com','932-8537-33','2020-10-15'),(80,'STS001',9,'Kate','Richardson','k.richardson@randatmail.com','268-6300-19','2020-10-15'),(53,'STS001',0,'Tara','Carroll','t.carroll@randatmail.com','030-1781-80','2020-10-15'),(183,'STS001',0,'Clark','Anderson','c.anderson@randatmail.com','372-8692-71','2020-10-15'),(50,'STS001',0,'Abraham','Hunt','a.hunt@randatmail.com','343-7856-61','2020-10-15'),(115,'STS001',0,'Jordan','Wright','j.wright@randatmail.com','797-0341-69','2020-10-15'),(90,'STS001',9,'Cadie','Lloyd','c.lloyd@randatmail.com','919-0724-56','2020-10-15'),(79,'STS001',0,'Arthur','Stevens','a.stevens@randatmail.com','747-5269-63','2020-10-15'),(23,'STS001',0,'Cherry','Howard','c.howard@randatmail.com','586-9719-65','2020-10-15'),(169,'STS001',0,'Preston','Barrett','p.barrett@randatmail.com','103-7622-21','2020-10-15'),(162,'STS001',0,'Carina','Brown','c.brown@randatmail.com','863-1648-11','2020-10-15'),(103,'STS001',0,'Marcus','Walker','m.walker@randatmail.com','951-2751-59','2020-10-15'),(107,'STS001',0,'Henry','Ross','h.ross@randatmail.com','310-5694-48','2020-10-15'),(76,'STS001',0,'William','Myers','w.myers@randatmail.com','488-6256-35','2020-10-15'),(110,'STS001',9,'Aida','Gray','a.gray@randatmail.com','835-7064-53','2020-10-15'),(189,'STS001',0,'Samantha','Walker','s.walker@randatmail.com','883-5965-85','2020-10-15'),(24,'STS001',0,'Aida','Hawkins','a.hawkins@randatmail.com','183-9602-58','2020-10-15'),(55,'STS001',0,'John','Cole','j.cole@randatmail.com','144-2467-71','2020-10-15'),(72,'STS001',0,'Michelle','Myers','m.myers@randatmail.com','127-0505-46','2020-10-15'),(191,'STS001',0,'James','Henderson','j.henderson@randatmail.com','294-1036-55','2020-10-15'),(143,'STS001',0,'Owen','Sullivan','o.sullivan@randatmail.com','121-4839-93','2020-10-15'),(75,'STS001',0,'Vivian','Taylor','v.taylor@randatmail.com','026-5433-57','2020-10-15'),(105,'STS001',0,'Natalie','Baker','n.baker@randatmail.com','991-0686-60','2020-10-15'),(131,'STS001',0,'Natalie','Morris','n.morris@randatmail.com','038-7177-61','2020-10-15'),(93,'STS001',0,'Spike','Murphy','s.murphy@randatmail.com','507-8791-50','2020-10-15'),(135,'STS001',0,'Arianna','Ferguson','a.ferguson@randatmail.com','437-2675-59','2020-10-15'),(155,'STS001',0,'Valeria','Armstrong','v.armstrong@randatmail.com','821-1122-40','2020-10-15'),(69,'STS001',0,'Amber','Grant','a.grant@randatmail.com','377-7784-31','2020-10-15'),(17,'STS001',0,'Adam','Scott','a.scott@randatmail.com','955-9432-73','2020-10-15'),(118,'STS001',0,'Leonardo','Holmes','l.holmes@randatmail.com','095-5947-23','2020-10-15'),(99,'STS001',0,'Aida','Nelson','a.nelson@randatmail.com','692-2129-22','2020-10-15'),(167,'STS001',0,'Rafael','Harper','r.harper@randatmail.com','719-6383-45','2020-10-15'),(54,'STS001',0,'Frederick','Holmes','f.holmes@randatmail.com','370-1391-74','2020-10-15'),(164,'STS001',0,'Dominik','Hill','d.hill@randatmail.com','514-1489-66','2020-10-15'),(109,'STS001',0,'Dale','Warren','d.warren@randatmail.com','332-7856-04','2020-10-15'),(51,'STS001',0,'Arianna','Moore','a.moore@randatmail.com','560-1599-93','2020-10-15'),(91,'STS001',0,'Dexter','Edwards','d.edwards@randatmail.com','283-4880-07','2020-10-15'),(182,'STS001',0,'Eddy','Turner','e.turner@randatmail.com','265-2281-32','2020-10-15'),(158,'STS001',0,'Maddie','Cooper','m.cooper@randatmail.com','957-0898-68','2020-10-15'),(116,'STS001',0,'Adele','Ferguson','a.ferguson@randatmail.com','575-2131-00','2020-10-15'),(153,'STS001',0,'Martin','Myers','m.myers@randatmail.com','110-5783-82','2020-10-15'),(120,'STS001',9,'Dainton','Wright','d.wright@randatmail.com','170-7156-80','2020-10-15'),(190,'STS001',0,'Jenna','Johnston','j.johnston@randatmail.com','668-3905-99','2020-10-15'),(124,'STS001',0,'Dominik','Hawkins','d.hawkins@randatmail.com','688-0124-12','2020-10-15'),(7,'STS001',0,'Adele','Perry','a.perry@randatmail.com','672-9734-82','2020-10-15'),(49,'STS001',0,'Darcy','Carroll','d.carroll@randatmail.com','682-9334-88','2020-10-15'),(70,'STS001',9,'Melanie','Lloyd','m.lloyd@randatmail.com','928-8030-75','2020-10-15'),(5,'STS001',0,'Mike','Wilson','m.wilson@randatmail.com','400-9276-67','2020-10-15'),(178,'STS001',0,'Amelia','Cole','a.cole@randatmail.com','184-8719-42','2020-10-15'),(10,'STS001',0,'Lyndon','Sullivan','l.sullivan@randatmail.com','324-8721-63','2020-10-15'),(2,'STS001',0,'Julian','Robinson','j.robinson@randatmail.com','363-1247-86','2020-10-15'),(140,'STS001',9,'Elise','Holmes','e.holmes@randatmail.com','534-8674-41','2020-10-15'),(8,'STS001',0,'Valeria','Bailey','v.bailey@randatmail.com','594-3483-36','2020-10-15'),(29,'STS001',0,'Maria','Bennett','m.bennett@randatmail.com','320-7527-03','2020-10-15'),(36,'STS001',0,'Bruce','Hawkins','b.hawkins@randatmail.com','068-1788-82','2020-10-15'),(42,'STS001',0,'Kate','Barrett','k.barrett@randatmail.com','447-8186-23','2020-10-15'),(16,'STS001',0,'Adrian','Morrison','a.morrison@randatmail.com','123-4423-39','2020-10-15'),(3,'STS001',0,'Amelia','Rogers','a.rogers@randatmail.com','877-5192-49','2020-10-15'),(38,'STS001',0,'Florrie','Hunt','f.hunt@randatmail.com','054-8884-28','2020-10-15'),(161,'STS001',0,'Walter','Scott','w.scott@randatmail.com','392-7381-99','2020-10-15'),(58,'STS001',0,'Clark','Thomas','c.thomas@randatmail.com','949-4941-91','2020-10-15'),(33,'STS001',0,'Aldus','Watson','a.watson@randatmail.com','273-2247-80','2020-10-15'),(82,'STS001',0,'Elian','Richards','e.richards@randatmail.com','077-6317-74','2020-10-15'),(1,'STS001',0,'Agata','Watson','a.watson@randatmail.com','373-3504-13','2020-10-15'),(52,'STS001',0,'Camila','Davis','c.davis@randatmail.com','075-9226-53','2020-10-15'),(174,'STS001',0,'Melissa','Jones','m.jones@randatmail.com','773-7556-07','2020-10-15'),(180,'STS001',0,'Lenny','Martin','l.martin@randatmail.com','810-7162-67','2020-10-15'),(74,'STS001',0,'Dainton','Hamilton','d.hamilton@randatmail.com','663-9958-71','2020-10-15'),(97,'STS001',0,'Melanie','Spencer','m.spencer@randatmail.com','022-5476-13','2020-10-15');
/*!40000 ALTER TABLE `Employee_Dim` ENABLE KEYS */;
UNLOCK TABLES;
/*!40103 SET TIME_ZONE=@OLD_TIME_ZONE */;

/*!40101 SET SQL_MODE=@OLD_SQL_MODE */;
/*!40014 SET FOREIGN_KEY_CHECKS=@OLD_FOREIGN_KEY_CHECKS */;
/*!40014 SET UNIQUE_CHECKS=@OLD_UNIQUE_CHECKS */;
/*!40101 SET CHARACTER_SET_CLIENT=@OLD_CHARACTER_SET_CLIENT */;
/*!40101 SET CHARACTER_SET_RESULTS=@OLD_CHARACTER_SET_RESULTS */;
/*!40101 SET COLLATION_CONNECTION=@OLD_COLLATION_CONNECTION */;
/*!40111 SET SQL_NOTES=@OLD_SQL_NOTES */;

-- Dump completed on 2021-01-04  9:59:37
-- MySQL dump 10.13  Distrib 8.0.21, for Win64 (x86_64)
--
-- Host: 52.169.179.74    Database: XAUTOMATE_INTERNAL_DATA
-- ------------------------------------------------------
-- Server version	5.7.32

/*!40101 SET @OLD_CHARACTER_SET_CLIENT=@@CHARACTER_SET_CLIENT */;
/*!40101 SET @OLD_CHARACTER_SET_RESULTS=@@CHARACTER_SET_RESULTS */;
/*!40101 SET @OLD_COLLATION_CONNECTION=@@COLLATION_CONNECTION */;
/*!50503 SET NAMES utf8 */;
/*!40103 SET @OLD_TIME_ZONE=@@TIME_ZONE */;
/*!40103 SET TIME_ZONE='+00:00' */;
/*!40014 SET @OLD_UNIQUE_CHECKS=@@UNIQUE_CHECKS, UNIQUE_CHECKS=0 */;
/*!40014 SET @OLD_FOREIGN_KEY_CHECKS=@@FOREIGN_KEY_CHECKS, FOREIGN_KEY_CHECKS=0 */;
/*!40101 SET @OLD_SQL_MODE=@@SQL_MODE, SQL_MODE='NO_AUTO_VALUE_ON_ZERO' */;
/*!40111 SET @OLD_SQL_NOTES=@@SQL_NOTES, SQL_NOTES=0 */;

--
-- Table structure for table `PRE_POST_COUNT_CHECK`
--

DROP TABLE IF EXISTS `PRE_POST_COUNT_CHECK`;
/*!40101 SET @saved_cs_client     = @@character_set_client */;
/*!50503 SET character_set_client = utf8mb4 */;
CREATE TABLE `PRE_POST_COUNT_CHECK` (
  `record_date` datetime NOT NULL,
  `schema_name` varchar(100) NOT NULL,
  `table_name` varchar(100) NOT NULL,
  `where_clause` varchar(1000) NOT NULL,
  `pre_count` int(11) NOT NULL,
  `post_count` int(11) DEFAULT NULL
) ENGINE=InnoDB DEFAULT CHARSET=latin1;
/*!40101 SET character_set_client = @saved_cs_client */;

--
-- Dumping data for table `PRE_POST_COUNT_CHECK`
--

LOCK TABLES `PRE_POST_COUNT_CHECK` WRITE;
/*!40000 ALTER TABLE `PRE_POST_COUNT_CHECK` DISABLE KEYS */;
/*!40000 ALTER TABLE `PRE_POST_COUNT_CHECK` ENABLE KEYS */;
UNLOCK TABLES;
/*!40103 SET TIME_ZONE=@OLD_TIME_ZONE */;

/*!40101 SET SQL_MODE=@OLD_SQL_MODE */;
/*!40014 SET FOREIGN_KEY_CHECKS=@OLD_FOREIGN_KEY_CHECKS */;
/*!40014 SET UNIQUE_CHECKS=@OLD_UNIQUE_CHECKS */;
/*!40101 SET CHARACTER_SET_CLIENT=@OLD_CHARACTER_SET_CLIENT */;
/*!40101 SET CHARACTER_SET_RESULTS=@OLD_CHARACTER_SET_RESULTS */;
/*!40101 SET COLLATION_CONNECTION=@OLD_COLLATION_CONNECTION */;
/*!40111 SET SQL_NOTES=@OLD_SQL_NOTES */;

-- Dump completed on 2021-01-04  9:59:42
-- MySQL dump 10.13  Distrib 8.0.21, for Win64 (x86_64)
--
-- Host: 52.169.179.74    Database: db_mate
-- ------------------------------------------------------
-- Server version	5.7.32

/*!40101 SET @OLD_CHARACTER_SET_CLIENT=@@CHARACTER_SET_CLIENT */;
/*!40101 SET @OLD_CHARACTER_SET_RESULTS=@@CHARACTER_SET_RESULTS */;
/*!40101 SET @OLD_COLLATION_CONNECTION=@@COLLATION_CONNECTION */;
/*!50503 SET NAMES utf8 */;
/*!40103 SET @OLD_TIME_ZONE=@@TIME_ZONE */;
/*!40103 SET TIME_ZONE='+00:00' */;
/*!40014 SET @OLD_UNIQUE_CHECKS=@@UNIQUE_CHECKS, UNIQUE_CHECKS=0 */;
/*!40014 SET @OLD_FOREIGN_KEY_CHECKS=@@FOREIGN_KEY_CHECKS, FOREIGN_KEY_CHECKS=0 */;
/*!40101 SET @OLD_SQL_MODE=@@SQL_MODE, SQL_MODE='NO_AUTO_VALUE_ON_ZERO' */;
/*!40111 SET @OLD_SQL_NOTES=@@SQL_NOTES, SQL_NOTES=0 */;

--
-- Table structure for table `DbConfig`
--

DROP TABLE IF EXISTS `DbConfig`;
/*!40101 SET @saved_cs_client     = @@character_set_client */;
/*!50503 SET character_set_client = utf8mb4 */;
CREATE TABLE `DbConfig` (
  `Dbconfigid` bigint(20) NOT NULL AUTO_INCREMENT,
  `DbName` varchar(450) DEFAULT NULL,
  `DbHostName` varchar(450) DEFAULT NULL,
  `DbPort` varchar(450) DEFAULT NULL,
  `DbUser` varchar(450) DEFAULT NULL,
  `DbPassword` varchar(450) DEFAULT NULL,
  `Status` varchar(450) DEFAULT NULL,
  `Description` varchar(450) DEFAULT NULL,
  `SuiteName` varchar(450) DEFAULT NULL,
  `CreateDate` datetime DEFAULT NULL,
  PRIMARY KEY (`Dbconfigid`)
) ENGINE=InnoDB AUTO_INCREMENT=7 DEFAULT CHARSET=latin1;
/*!40101 SET character_set_client = @saved_cs_client */;

--
-- Dumping data for table `DbConfig`
--

LOCK TABLES `DbConfig` WRITE;
/*!40000 ALTER TABLE `DbConfig` DISABLE KEYS */;
INSERT INTO `DbConfig` VALUES (1,'CORE','52.169.179.74','3307','root','password','1',NULL,NULL,'2020-12-21 10:31:12'),(2,'METADATA','52.169.179.74','3307','root','password','1',NULL,NULL,'2020-12-21 10:31:38'),(3,'STAGE','52.169.179.74','3307','root','password','1',NULL,NULL,'2020-12-21 10:32:06'),(4,'SEMANTIC','52.169.179.74','3307','root','password','1',NULL,NULL,'2020-12-21 10:32:46'),(5,'SEMANTIC','52.178.152.165','3306','root','password','0',NULL,NULL,'2020-12-21 10:32:56'),(6,'XAUTOMATE_INTERNAL_DATA','52.169.179.74','3307','root','password','1',NULL,NULL,'2020-12-21 10:33:40');
/*!40000 ALTER TABLE `DbConfig` ENABLE KEYS */;
UNLOCK TABLES;

--
-- Table structure for table `Exceute`
--

DROP TABLE IF EXISTS `Exceute`;
/*!40101 SET @saved_cs_client     = @@character_set_client */;
/*!50503 SET character_set_client = utf8mb4 */;
CREATE TABLE `Exceute` (
  `ExecuteId` bigint(20) NOT NULL AUTO_INCREMENT,
  `SuiteName` varchar(450) DEFAULT NULL,
  `ResultUrl` varchar(450) DEFAULT NULL,
  `Status` varchar(45) DEFAULT NULL,
  `Execute` datetime DEFAULT NULL,
  `Time` varchar(500) DEFAULT NULL,
  `Executiontime` varchar(450) DEFAULT NULL,
  PRIMARY KEY (`ExecuteId`)
) ENGINE=InnoDB AUTO_INCREMENT=82 DEFAULT CHARSET=latin1;
/*!40101 SET character_set_client = @saved_cs_client */;

--
-- Dumping data for table `Exceute`
--

LOCK TABLES `Exceute` WRITE;
/*!40000 ALTER TABLE `Exceute` DISABLE KEYS */;
INSERT INTO `Exceute` VALUES (29,'Checking30','/ver_1/Checking30ver_1.html',NULL,'2020-12-22 12:13:44','12:13',NULL),(30,'checking32','/ver_1/checking32ver_1.html',NULL,'2020-12-22 14:16:52','14:16',NULL),(31,'Checking33','/ver_1/Checking33ver_1.html',NULL,'2020-12-22 14:25:25','14:25',NULL),(32,'test','/ver_1/testver_1.html',NULL,'2020-12-22 23:27:05','23:27',NULL),(33,'Checking35','/ver_1/Checking35ver_1.html',NULL,'2020-12-23 04:08:22','04:08',NULL),(34,'Checking36','/ver_1/Checking36ver_1.html',NULL,'2020-12-23 04:09:11','04:09',NULL),(35,'Checking37','/ver_1/Checking37ver_1.html',NULL,'2020-12-23 04:13:22','04:13',NULL),(36,'regression','/ver_1/regressionver_1.html',NULL,'2020-12-23 13:37:25','13:37',NULL),(37,'Full-Regression','/ver_1/Full-Regressionver_1.html',NULL,'2020-12-23 13:55:59','13:55',NULL),(38,'demo','/ver_1/demover_1.html',NULL,'2020-12-23 14:25:12','14:25',NULL),(39,'Checking36','/ver_1/Checking36ver_1.html',NULL,'2020-12-24 09:17:35','09:17',NULL),(40,'Checking39','/ver_1/Checking39ver_1.html',NULL,'2020-12-24 09:54:01','09:54',NULL),(41,'Checking37','/ver_1/Checking37ver_1.html',NULL,'2020-12-24 10:02:40','10:02',NULL),(42,'Checking38','/ver_1/Checking38ver_1.html',NULL,'2020-12-24 10:03:57','10:03',NULL),(43,'checklist','/ver_1/checklistver_1.html',NULL,'2020-12-24 11:24:55','11:24',NULL),(44,'Regression','/ver_1/Regressionver_1.html',NULL,'2020-12-24 13:06:01','13:06',NULL),(45,'Checking39','/ver_1/Checking39ver_1.html',NULL,'2020-12-24 13:13:53','13:13',NULL),(46,'Checkin40','/ver_1/Checkin40ver_1.html',NULL,'2020-12-24 13:15:15','13:15',NULL),(47,'Checking41','/ver_1/Checking41ver_1.html',NULL,'2020-12-24 13:22:24','13:22',NULL),(48,'Core_layer','/ver_1/Core_layerver_1.html',NULL,'2020-12-24 13:33:31','13:33',NULL),(49,'Checking41','/ver_1/Checking41ver_1.html',NULL,'2020-12-24 13:45:57','13:45',NULL),(50,'Regression','/ver_2/Regressionver_2.html',NULL,'2020-12-28 04:02:40','04:02',NULL),(51,'Full_Regression','/ver_2/Full_Regressionver_2.html',NULL,'2020-12-28 04:07:07','04:07',NULL),(52,'Checking21','/ver_2/Checking21ver_2.html',NULL,'2020-12-28 04:08:40','04:08',NULL),(53,'Checkin36','/ver_2/Checkin36ver_2.html',NULL,'2020-12-28 04:09:23','04:09',NULL),(54,'Regression_1','/ver_2/Regression_1ver_2.html',NULL,'2020-12-28 04:17:23','04:17',NULL),(55,'Full_Regression_1','/ver_2/Full_Regression_1ver_2.html',NULL,'2020-12-28 04:28:33','04:28',NULL),(56,'Full_Regression_3','/Ver_3/Full_Regression_3Ver_3.html',NULL,'2020-12-28 05:17:10','05:17',NULL),(57,'Full_Regression_4','/Ver_3/Full_Regression_4Ver_3.html',NULL,'2020-12-28 05:41:40','05:41',NULL),(58,'Full_Reression_5','/Ver_3/Full_Reression_5Ver_3.html',NULL,'2020-12-28 05:56:52','05:56',NULL),(59,'Full_REGRESSION_6','/Ver_3/Full_REGRESSION_6Ver_3.html',NULL,'2020-12-28 06:10:09','06:10',NULL),(60,'Full_Regression_7','/Ver_3/Full_Regression_7Ver_3.html',NULL,'2020-12-28 07:40:54','07:40',NULL),(61,'Final_Checking','/Ver_3/Final_CheckingVer_3.html',NULL,'2020-12-28 11:45:46','11:45',NULL),(62,'Semantic','/Ver_3/SemanticVer_3.html',NULL,'2020-12-28 11:52:04','11:52',NULL),(63,'Semantic_1','/Ver_3/Semantic_1Ver_3.html',NULL,'2020-12-28 11:54:28','11:54',NULL),(64,'demo','/Ver_3/demoVer_3.html',NULL,'2020-12-28 11:59:32','11:59',NULL),(65,'sementic','/Ver_3/sementicVer_3.html',NULL,'2020-12-28 12:05:33','12:05',NULL),(66,'semantic_2','/Ver_3/semantic_2Ver_3.html',NULL,'2020-12-28 12:07:08','12:07',NULL),(67,'Semantic_3','/Ver_3/Semantic_3Ver_3.html',NULL,'2020-12-28 12:09:47','12:09',NULL),(68,'End2','/Ver_3/End2Ver_3.html',NULL,'2020-12-28 12:11:41','12:11',NULL),(69,'End_2_end','/Ver_3/End_2_endVer_3.html',NULL,'2020-12-28 12:13:23','12:13',NULL),(70,'Data_quality','/Ver_3/Data_qualityVer_3.html',NULL,'2020-12-28 12:16:26','12:16',NULL),(71,'Final_list','/Ver_3/Final_listVer_3.html',NULL,'2020-12-29 06:41:50','06:41',NULL),(72,'full','/versions/fullversions.html',NULL,'2020-12-29 09:11:18','09:11',NULL),(73,'full','/versions/fullversions.html',NULL,'2020-12-29 09:11:50','09:11',NULL),(74,'full','/versions/fullversions.html',NULL,'2020-12-29 09:13:32','09:13',NULL),(75,'test','/versions/testversions.html',NULL,'2020-12-29 09:15:32','09:15',NULL),(76,'test','/ver_3/testver_3.html',NULL,'2020-12-29 09:16:03','09:16',NULL),(77,'test','/ver_3/testver_3.html',NULL,'2020-12-29 09:17:07','09:17',NULL),(78,'multiple_list','/Ver_3/multiple_listVer_3.html',NULL,'2020-12-29 09:17:11','09:17',NULL),(79,'test','/ver_3/testver_3.html',NULL,'2020-12-29 12:54:17','12:54',NULL),(80,'test_1','/ver_3/test_1ver_3.html',NULL,'2020-12-29 13:37:05','13:37',NULL),(81,'test','/ver_3/testver_3.html',NULL,'2020-12-31 07:50:39','07:50',NULL);
/*!40000 ALTER TABLE `Exceute` ENABLE KEYS */;
UNLOCK TABLES;

--
-- Table structure for table `ExpectedResult`
--

DROP TABLE IF EXISTS `ExpectedResult`;
/*!40101 SET @saved_cs_client     = @@character_set_client */;
/*!50503 SET character_set_client = utf8mb4 */;
CREATE TABLE `ExpectedResult` (
  `ExpectedResult` bigint(20) NOT NULL AUTO_INCREMENT,
  `Expectedresultname` varchar(450) DEFAULT NULL,
  `Parameter` int(11) DEFAULT NULL,
  `Status` bigint(20) DEFAULT NULL,
  PRIMARY KEY (`ExpectedResult`)
) ENGINE=InnoDB AUTO_INCREMENT=16 DEFAULT CHARSET=latin1;
/*!40101 SET character_set_client = @saved_cs_client */;

--
-- Dumping data for table `ExpectedResult`
--

LOCK TABLES `ExpectedResult` WRITE;
/*!40000 ALTER TABLE `ExpectedResult` DISABLE KEYS */;
INSERT INTO `ExpectedResult` VALUES (1,'Check If Exists In Database',0,1),(2,'Check If Not Exists In Database',0,1),(3,'Connect To Database',0,1),(4,'Connect To Database Using Custom Params',0,1),(5,'Delete All Rows From Table',0,1),(6,'Description',0,1),(7,'Disconnect From Database',0,1),(8,'Execute Sql Script',0,1),(9,'Query',0,1),(10,'Row Count',0,1),(11,'Row Count Is 0',0,1),(12,'Row Count Is Equal To X',1,1),(13,'Row Count Is Greater Than X',1,1),(14,'Row Count Is Less Than X',1,1),(15,'Table Must Exist',0,1);
/*!40000 ALTER TABLE `ExpectedResult` ENABLE KEYS */;
UNLOCK TABLES;

--
-- Table structure for table `Login`
--

DROP TABLE IF EXISTS `Login`;
/*!40101 SET @saved_cs_client     = @@character_set_client */;
/*!50503 SET character_set_client = utf8mb4 */;
CREATE TABLE `Login` (
  `LoginId` bigint(20) NOT NULL AUTO_INCREMENT,
  `EmployeeNo` varchar(45) DEFAULT NULL,
  `UserName` varchar(450) DEFAULT NULL,
  `Password` varchar(450) DEFAULT NULL,
  `EmailId` varchar(100) DEFAULT NULL,
  `Role` varchar(450) DEFAULT NULL,
  `Description` varchar(450) DEFAULT NULL,
  `Status` bigint(20) DEFAULT NULL,
  PRIMARY KEY (`LoginId`)
) ENGINE=InnoDB AUTO_INCREMENT=2 DEFAULT CHARSET=latin1;
/*!40101 SET character_set_client = @saved_cs_client */;

--
-- Dumping data for table `Login`
--

LOCK TABLES `Login` WRITE;
/*!40000 ALTER TABLE `Login` DISABLE KEYS */;
INSERT INTO `Login` VALUES (1,NULL,'Admin','Xautomate@123',NULL,'Admin',NULL,NULL);
/*!40000 ALTER TABLE `Login` ENABLE KEYS */;
UNLOCK TABLES;

--
-- Table structure for table `ReleaseNo`
--

DROP TABLE IF EXISTS `ReleaseNo`;
/*!40101 SET @saved_cs_client     = @@character_set_client */;
/*!50503 SET character_set_client = utf8mb4 */;
CREATE TABLE `ReleaseNo` (
  `ReleasenoId` bigint(20) NOT NULL AUTO_INCREMENT,
  `ReleaseNo` varchar(450) DEFAULT NULL,
  `ReleaseName` varchar(450) DEFAULT NULL,
  `Description` varchar(450) DEFAULT NULL,
  `Status` varchar(45) DEFAULT NULL,
  `CreatedDate` datetime DEFAULT NULL,
  PRIMARY KEY (`ReleasenoId`)
) ENGINE=InnoDB AUTO_INCREMENT=4 DEFAULT CHARSET=latin1;
/*!40101 SET character_set_client = @saved_cs_client */;

--
-- Dumping data for table `ReleaseNo`
--

LOCK TABLES `ReleaseNo` WRITE;
/*!40000 ALTER TABLE `ReleaseNo` DISABLE KEYS */;
INSERT INTO `ReleaseNo` VALUES (1,'ver_1','ref_3',NULL,'1','2020-12-21 10:45:28'),(2,'ver_2','Version_2',NULL,'1','2020-12-28 04:02:13'),(3,'Ver_3','version_3',NULL,'1','2020-12-28 05:14:38');
/*!40000 ALTER TABLE `ReleaseNo` ENABLE KEYS */;
UNLOCK TABLES;

--
-- Table structure for table `RuleParamters`
--

DROP TABLE IF EXISTS `RuleParamters`;
/*!40101 SET @saved_cs_client     = @@character_set_client */;
/*!50503 SET character_set_client = utf8mb4 */;
CREATE TABLE `RuleParamters` (
  `RuleParameterId` bigint(20) NOT NULL AUTO_INCREMENT,
  `ParameterName` varchar(450) DEFAULT NULL,
  `RulesId` bigint(20) DEFAULT NULL,
  `Status` varchar(10) DEFAULT NULL,
  `CreatedDate` datetime DEFAULT NULL,
  PRIMARY KEY (`RuleParameterId`),
  KEY `Rules_idx` (`RulesId`),
  CONSTRAINT `Rules` FOREIGN KEY (`RulesId`) REFERENCES `Rules` (`RulesId`) ON DELETE NO ACTION ON UPDATE NO ACTION
) ENGINE=InnoDB AUTO_INCREMENT=364 DEFAULT CHARSET=latin1;
/*!40101 SET character_set_client = @saved_cs_client */;

--
-- Dumping data for table `RuleParamters`
--

LOCK TABLES `RuleParamters` WRITE;
/*!40000 ALTER TABLE `RuleParamters` DISABLE KEYS */;
INSERT INTO `RuleParamters` VALUES (15,'Schema',45,'1','2020-12-24 05:32:21'),(16,'Table_name',45,'1','2020-12-24 05:32:21'),(17,'Column_Name',45,'1','2020-12-24 05:32:21'),(18,'Value',45,'1','2020-12-24 05:32:21'),(19,'Schema',46,'1','2020-12-24 05:33:34'),(20,'Table_name',46,'1','2020-12-24 05:33:34'),(21,'Column_Name',46,'1','2020-12-24 05:33:34'),(22,'Schema',47,'1','2020-12-24 05:34:28'),(23,'Table_name',47,'1','2020-12-24 05:34:28'),(24,'Column_Name',47,'1','2020-12-24 05:34:28'),(25,'Schema',48,'1','2020-12-24 05:35:34'),(26,'Table_name',48,'1','2020-12-24 05:35:34'),(27,'Column_Name',48,'1','2020-12-24 05:35:34'),(28,'Value',48,'1','2020-12-24 05:35:34'),(29,'Schema',49,'1','2020-12-24 05:36:59'),(30,'Table_name',49,'1','2020-12-24 05:36:59'),(31,'Column_Name',49,'1','2020-12-24 05:36:59'),(32,'Schema',49,'1','2020-12-24 05:36:59'),(33,'Column_Name',49,'1','2020-12-24 05:36:59'),(34,'Column_Name',49,'1','2020-12-24 05:36:59'),(35,'value',49,'1','2020-12-24 05:36:59'),(36,'Schema',50,'1','2020-12-24 05:38:26'),(37,'Table_name',50,'1','2020-12-24 05:38:26'),(38,'Value',50,'1','2020-12-24 05:38:26'),(39,'Schema',51,'1','2020-12-24 05:39:29'),(40,'Table_name',51,'1','2020-12-24 05:39:29'),(41,'Column_Name',51,'1','2020-12-24 05:39:29'),(42,'Schema',52,'1','2020-12-24 05:40:54'),(43,'Table_name',52,'1','2020-12-24 05:40:54'),(44,'Value',52,'1','2020-12-24 05:40:54'),(45,'Schema',53,'1','2020-12-24 05:41:54'),(46,'Table_name',53,'1','2020-12-24 05:41:54'),(47,'Column_Name',53,'1','2020-12-24 05:41:54'),(48,'Schema',54,'1','2020-12-24 05:43:18'),(49,'Table_name',54,'1','2020-12-24 05:43:18'),(50,'Column_Name',54,'1','2020-12-24 05:43:18'),(51,'Value',54,'1','2020-12-24 05:43:18'),(52,'Value',54,'1','2020-12-24 05:43:18'),(53,'Schema',55,'1','2020-12-24 05:44:09'),(54,'Table_name',55,'1','2020-12-24 05:44:09'),(55,'Column_Name',55,'1','2020-12-24 05:44:09'),(56,'Value',55,'1','2020-12-24 05:44:09'),(57,'Value',55,'1','2020-12-24 05:44:09'),(79,'Schema',60,'1','2020-12-24 05:49:31'),(80,'Table_name',60,'1','2020-12-24 05:49:31'),(81,'Value',60,'1','2020-12-24 05:49:31'),(82,'Schema',61,'1','2020-12-24 05:50:36'),(83,'Table_name',61,'1','2020-12-24 05:50:36'),(84,'Column_Name',61,'1','2020-12-24 05:50:36'),(85,'Schema',62,'1','2020-12-24 05:51:37'),(86,'Table_name',62,'1','2020-12-24 05:51:37'),(87,'Value',62,'1','2020-12-24 05:51:37'),(88,'Schema',63,'1','2020-12-24 05:53:02'),(89,'Table_name',63,'1','2020-12-24 05:53:02'),(90,'Column_Name',63,'1','2020-12-24 05:53:02'),(91,'Schema',63,'1','2020-12-24 05:53:02'),(92,'Table_name',63,'1','2020-12-24 05:53:02'),(93,'Column_Name',63,'1','2020-12-24 05:53:02'),(120,'Schema',66,'1','2020-12-24 06:01:42'),(121,'Table_name',66,'1','2020-12-24 06:01:42'),(122,'Schema',66,'1','2020-12-24 06:01:42'),(123,'Table_name',66,'1','2020-12-24 06:01:42'),(124,'Column_Name',66,'1','2020-12-24 06:01:42'),(125,'Column_Name',66,'1','2020-12-24 06:01:42'),(126,'Column_Name',66,'1','2020-12-24 06:01:42'),(127,'Value',66,'1','2020-12-24 06:01:42'),(128,'Schema',66,'1','2020-12-24 06:01:42'),(129,'Table_name',66,'1','2020-12-24 06:01:42'),(130,'Column_Name',66,'1','2020-12-24 06:01:42'),(131,'Column_Name',66,'1','2020-12-24 06:01:42'),(132,'Column_Name',66,'1','2020-12-24 06:01:42'),(133,'Schema',66,'1','2020-12-24 06:01:42'),(134,'Table_name',66,'1','2020-12-24 06:01:42'),(135,'Column_Name',66,'1','2020-12-24 06:01:42'),(136,'Value',66,'1','2020-12-24 06:01:42'),(137,'Column_Name',66,'1','2020-12-24 06:01:42'),(138,'Column_Name',66,'1','2020-12-24 06:01:42'),(139,'Column_Name',66,'1','2020-12-24 06:01:42'),(146,'Schema',68,'1','2020-12-24 06:19:43'),(147,'Table_name',68,'1','2020-12-24 06:19:43'),(148,'Column_Name',68,'1','2020-12-24 06:19:43'),(149,'Column_Name',68,'1','2020-12-24 06:19:43'),(168,'Schema',58,'1','2020-12-24 10:01:59'),(169,'Table_name',58,'1','2020-12-24 10:01:59'),(170,'Column_Name',58,'1','2020-12-24 10:01:59'),(171,'Values',58,'1','2020-12-24 10:01:59'),(172,'Values',58,'1','2020-12-24 10:01:59'),(173,'Schema',57,'1','2020-12-24 10:04:38'),(174,'Table_name',57,'1','2020-12-24 10:04:38'),(175,'Column_Name',57,'1','2020-12-24 10:04:38'),(176,'Value',57,'1','2020-12-24 10:04:38'),(177,'Value',57,'1','2020-12-24 10:04:38'),(178,'Schema',56,'1','2020-12-24 10:05:33'),(179,'Table_name',56,'1','2020-12-24 10:05:33'),(180,'Column_Name',56,'1','2020-12-24 10:05:33'),(181,'Value',56,'1','2020-12-24 10:05:33'),(182,'Value',56,'1','2020-12-24 10:05:33'),(183,'Value',56,'1','2020-12-24 10:05:33'),(184,'Schema',69,'1','2020-12-28 05:46:06'),(185,'Table_name',69,'1','2020-12-28 05:46:06'),(186,'Schema',69,'1','2020-12-28 05:46:06'),(187,'Table_name',69,'1','2020-12-28 05:46:06'),(188,'Column_Name',69,'1','2020-12-28 05:46:06'),(189,'Column_Name',69,'1','2020-12-28 05:46:06'),(190,'Column_Name',69,'1','2020-12-28 05:46:06'),(191,'Value',69,'1','2020-12-28 05:46:06'),(192,'Schema',69,'1','2020-12-28 05:46:06'),(193,'Table_name',69,'1','2020-12-28 05:46:06'),(194,'Column_Name',69,'1','2020-12-28 05:46:06'),(195,'Column_Name',69,'1','2020-12-28 05:46:06'),(196,'Column_Name',69,'1','2020-12-28 05:46:06'),(197,'Schema',69,'1','2020-12-28 05:46:06'),(198,'Table_name',69,'1','2020-12-28 05:46:06'),(199,'Column_Name',69,'1','2020-12-28 05:46:06'),(200,'Value',69,'1','2020-12-28 05:46:06'),(201,'Column_Name',69,'1','2020-12-28 05:46:06'),(216,'Schema',64,'1','2020-12-28 05:49:10'),(217,'Table_name',64,'1','2020-12-28 05:49:10'),(218,'Schema',64,'1','2020-12-28 05:49:10'),(219,'Table_name',64,'1','2020-12-28 05:49:10'),(220,'Column_Name',64,'1','2020-12-28 05:49:10'),(221,'Column_Name',64,'1','2020-12-28 05:49:10'),(222,'Column_Name',64,'1','2020-12-28 05:49:10'),(223,'Value',64,'1','2020-12-28 05:49:10'),(224,'Schema',64,'1','2020-12-28 05:49:10'),(225,'Table_name',64,'1','2020-12-28 05:49:10'),(226,'Column_Name',64,'1','2020-12-28 05:49:10'),(227,'Column_Name',64,'1','2020-12-28 05:49:10'),(228,'Schema',67,'1','2020-12-28 06:04:51'),(229,'Table_name',67,'1','2020-12-28 06:04:51'),(230,'Column_Name',67,'1','2020-12-28 06:04:51'),(231,'Column_Name',67,'1','2020-12-28 06:04:51'),(232,'Column_Name',67,'1','2020-12-28 06:04:51'),(233,'Column_Name',67,'1','2020-12-28 06:04:51'),(234,'Schema',65,'1','2020-12-28 06:06:12'),(235,'Table_name',65,'1','2020-12-28 06:06:12'),(236,'Schema',65,'1','2020-12-28 06:06:12'),(237,'Table_name',65,'1','2020-12-28 06:06:12'),(238,'Column_Name',65,'1','2020-12-28 06:06:12'),(239,'Column_Name',65,'1','2020-12-28 06:06:12'),(240,'Column_Name',65,'1','2020-12-28 06:06:12'),(241,'Value',65,'1','2020-12-28 06:06:12'),(242,'Schema',65,'1','2020-12-28 06:06:12'),(243,'Table_name',65,'1','2020-12-28 06:06:12'),(244,'Column_Name',65,'1','2020-12-28 06:06:12'),(245,'Column_Name',65,'1','2020-12-28 06:06:12'),(246,'Column_Name',65,'1','2020-12-28 06:06:12'),(247,'Column_Name',65,'1','2020-12-28 06:06:12'),(265,'Table_name',72,'1','2020-12-28 11:08:21'),(266,'Schema',72,'1','2020-12-28 11:08:22'),(267,'Table_name',72,'1','2020-12-28 11:08:22'),(268,'Column_Name',72,'1','2020-12-28 11:08:22'),(269,'Column_Name',72,'1','2020-12-28 11:08:22'),(270,'Column_Name',72,'1','2020-12-28 11:08:22'),(271,'Value',72,'1','2020-12-28 11:08:22'),(272,'Schema',72,'1','2020-12-28 11:08:22'),(273,'Table_name',72,'1','2020-12-28 11:08:22'),(274,'Column_Name',72,'1','2020-12-28 11:08:22'),(275,'Column_Name',72,'1','2020-12-28 11:08:22'),(276,'Column_Name',72,'1','2020-12-28 11:08:22'),(277,'Column_Name',72,'1','2020-12-28 11:08:22'),(313,'Schema',73,'1','2020-12-28 11:39:08'),(314,'Table_name',73,'1','2020-12-28 11:39:08'),(315,'Column_Name',73,'1','2020-12-28 11:39:08'),(316,'Schema',74,'1','2020-12-28 11:39:30'),(317,'Table_name',74,'1','2020-12-28 11:39:30'),(318,'Column_Name',74,'1','2020-12-28 11:39:30'),(319,'Schema',75,'1','2020-12-28 11:40:35'),(320,'Table_name',75,'1','2020-12-28 11:40:35'),(321,'Column_Name',75,'1','2020-12-28 11:40:35'),(322,'Schema',75,'1','2020-12-28 11:40:35'),(323,'Table_name',75,'1','2020-12-28 11:40:35'),(324,'Column_Name',75,'1','2020-12-28 11:40:35'),(325,'Schema',76,'1','2020-12-28 11:43:10'),(326,'Table_name',76,'1','2020-12-28 11:43:10'),(327,'Column_Name',76,'1','2020-12-28 11:43:10'),(328,'Schema',76,'1','2020-12-28 11:43:10'),(329,'Table_name',76,'1','2020-12-28 11:43:10'),(330,'Column_Name',76,'1','2020-12-28 11:43:10'),(331,'Value',76,'1','2020-12-28 11:43:10'),(332,'Schema',77,'1','2020-12-28 11:43:59'),(333,'Table_name',77,'1','2020-12-28 11:43:59'),(334,'Column_Name',77,'1','2020-12-28 11:43:59'),(335,'Schema',77,'1','2020-12-28 11:43:59'),(336,'Table_name',77,'1','2020-12-28 11:43:59'),(337,'Column_Name',77,'1','2020-12-28 11:43:59'),(338,'Value',77,'1','2020-12-28 11:43:59'),(339,'Column_Name',77,'1','2020-12-28 11:43:59'),(340,'Column_Name',77,'1','2020-12-28 11:43:59'),(341,'Column_Name',77,'1','2020-12-28 11:43:59'),(342,'Schema',59,'1','2020-12-28 12:20:05'),(343,'Table_name',59,'1','2020-12-28 12:20:05'),(344,'Column_Name',59,'1','2020-12-28 12:20:05'),(345,'Values',59,'1','2020-12-28 12:20:05'),(346,'Values',59,'1','2020-12-28 12:20:05'),(347,'Schema',70,'1','2020-12-29 06:45:35'),(348,'Table_name',70,'1','2020-12-29 06:45:35'),(349,'Value',70,'1','2020-12-29 06:45:35'),(350,'Value',70,'1','2020-12-29 06:45:35'),(351,'Value',70,'1','2020-12-29 06:45:35'),(352,'Schema',71,'1','2021-01-01 11:42:43'),(353,'Table_name',71,'1','2021-01-01 11:42:43'),(354,'Schema',71,'1','2021-01-01 11:42:43'),(355,'Table_name',71,'1','2021-01-01 11:42:43'),(356,'Column_Name',71,'1','2021-01-01 11:42:43'),(357,'Column_Name',71,'1','2021-01-01 11:42:43'),(358,'Column_Name',71,'1','2021-01-01 11:42:43'),(359,'Column_Name',71,'1','2021-01-01 11:42:43'),(360,'Schema',71,'1','2021-01-01 11:42:43'),(361,'Table_name',71,'1','2021-01-01 11:42:43'),(362,'Column_Name',71,'1','2021-01-01 11:42:43'),(363,'Column_Name',71,'1','2021-01-01 11:42:43');
/*!40000 ALTER TABLE `RuleParamters` ENABLE KEYS */;
UNLOCK TABLES;

--
-- Table structure for table `Rules`
--

DROP TABLE IF EXISTS `Rules`;
/*!40101 SET @saved_cs_client     = @@character_set_client */;
/*!50503 SET character_set_client = utf8mb4 */;
CREATE TABLE `Rules` (
  `RulesId` bigint(20) NOT NULL AUTO_INCREMENT,
  `RuleName` varchar(450) DEFAULT NULL,
  `RuleCondtion` varchar(1000) DEFAULT NULL,
  `RuleParameter` varchar(450) DEFAULT NULL,
  `Status` varchar(450) DEFAULT NULL,
  `SuiteName` varchar(450) DEFAULT NULL,
  `Description` varchar(450) DEFAULT NULL,
  `CreateDate` datetime DEFAULT NULL,
  `TestApproachid` bigint(20) DEFAULT NULL,
  PRIMARY KEY (`RulesId`),
  KEY `TestApproachid_idx` (`TestApproachid`),
  CONSTRAINT `TestApproachid` FOREIGN KEY (`TestApproachid`) REFERENCES `TestApproach` (`TestApproachid`) ON DELETE NO ACTION ON UPDATE NO ACTION
) ENGINE=InnoDB AUTO_INCREMENT=78 DEFAULT CHARSET=latin1;
/*!40101 SET character_set_client = @saved_cs_client */;

--
-- Dumping data for table `Rules`
--

LOCK TABLES `Rules` WRITE;
/*!40000 ALTER TABLE `Rules` DISABLE KEYS */;
INSERT INTO `Rules` VALUES (45,'me_1','SELECT [2] FROM [0].[1] WHERE [2] = [3];','4','1',NULL,'ME: Minor Entity Check',NULL,129),(46,'me_2','SELECT [2] FROM [0].[1] GROUP BY [2] HAVING COUNT(1) > 1;','3','1',NULL,'ME: Minor Entity table uniqueness check',NULL,130),(47,'me_3','SELECT * FROM [0].[1] WHERE COALESCE([2],\'\') IS NULL;','3','1',NULL,'ME: Minor Entity table completeness check',NULL,131),(48,'ref_1','SELECT [2] FROM [0].[1] WHERE [2] = [3];','4','1',NULL,'Ref: Reference table check',NULL,132),(49,'sk_1','SELECT stg.[2] FROM [0].[1] stg LEFT JOIN [3].[4] key_tbl ON key_tbl.[5] = stg.[2] AND [6] WHERE key_tbl.[5] IS NULL;','7','1',NULL,'SK: Surrogate key generation check',NULL,133),(50,'sk_2','SELECT [2] FROM [0].[1] GROUP BY [2] HAVING COUNT(1) > 1;','3','1',NULL,'SK: Surrogate key uniqueness check',NULL,134),(51,'sk_3','SELECT * FROM [0].[1] WHERE COALESCE([2],\'\') IS NULL;','3','1',NULL,'SK: Surrogate key completeness check',NULL,135),(52,'ref_2','SELECT [2] FROM [0].[1] GROUP BY [2] HAVING COUNT(1) > 1;','3','1',NULL,'Ref: Reference table uniqueness check',NULL,136),(53,'ref_3','SELECT * FROM [0].[1] WHERE COALESCE([2],\'\') IS NULL;','3','1',NULL,'Ref: Reference table completeness check',NULL,137),(54,'dq_1','SELECT * FROM [0].[1] GROUP BY [2] HAVING MAX([2]) [3] [4];','5','1',NULL,'DQ - Maximum value',NULL,139),(55,'dq_2','SELECT * FROM [0].[1] GROUP BY [2] HAVING MIN([2]) [3] [4]; ','5','1',NULL,'DQ - Minimum value',NULL,140),(56,'dq_3','SELECT * FROM [0].[1] WHERE [2] [3] [4] AND [5]; ','6','1',NULL,'DQ - Out of range',NULL,156),(57,'dq_4','SELECT * FROM [0].[1] WHERE [2] [3] [4] ; ','5','1',NULL,'DQ - Missing values',NULL,141),(58,'dq_5','SELECT * FROM [0].[1] WHERE [2] [3] [4] ; ','5','1',NULL,'DQ - Illegal values',NULL,142),(59,'dq_6','SELECT * FROM [0].[1] WHERE [2] [3] [4] ; ','5','1',NULL,'DQ - Structure Discovery',NULL,157),(60,'dq_7','SELECT * FROM [0].[1] WHERE [2];','3','1',NULL,'DQ - Custom Queries',NULL,158),(61,'core_1','SELECT * FROM [0].[1] WHERE [2] IS NULL;','3','1',NULL,'Core: Core data completeness check',NULL,146),(62,'core_2','SELECT [2] FROM [0].[1] GROUP BY [2] HAVING COUNT(1) > 1;','3','1',NULL,'Core: Core data uniqueness check',NULL,147),(63,'core_3','SELECT c.[5] FROM [3].[4] c LEFT JOIN [0].[1] p on p.[2] = c.[5] WHERE p.[2] IS NULL;','6','1',NULL,'Core: Core referential integrity check',NULL,148),(64,'core_4','SELECT sk.[10] FROM [0].[1] src INNER JOIN [2].[3] sk  ON sk.[4] = src.[5]  and sk.[6]= [7] LEFT JOIN [8].[9] es on es.[11] = sk.[10] WHERE es.[11] IS NULL ;','12','1',NULL,'Core: Stage - Core table record count',NULL,149),(65,'core_5','SELECT sk.[10] as PK_Column,src.[12] as Source_Value,t.[13] as Target_Value FROM [0].[1] src INNER JOIN [2].[3] sk ON sk.[4] = src.[5]  and sk.[6]= [7] INNER JOIN [8].[9] t on t.[11] = sk.[10] WHERE src.[12] <> t.[13] ;','14','1',NULL,'Core: Stage - Core attribute mapping',NULL,150),(66,'core_6','SELECT sk.[10] as PK_Column,src.[18] as Source_Value,es.[19] as Target_Value FROM [0].[1] src INNER JOIN [2].[3] sk ON sk.[4] = src.[5] and sk.[6]= [7] LEFT JOIN [8].[9] es on es.[11] = sk.[10] and es.[12] = (SELECT [12] FROM [13].[14] where [15] = [16]) and es.[17]=\'9999-12-31\' and es.[19] = src.[18] WHERE es.[11] IS NULL ;','20','1',NULL,'Core: Delta processing',NULL,151),(67,'core_7','SELECT a.[2] as PK_Column, A.[3] as Old_Value, A.[4] as Old_Rec_Start_Date, A.[5] as Old_Rec_End_Date, B.[3] as New_Value, B.[4] as New_Record_Start_Date FROM (SELECT [2],[3],ROW_NUMBER () OVER (PARTITION BY [2] ORDER BY [4] ASC) AS ROW_NUM,[4],[5] FROM [0].[1]) a INNER JOIN (SELECT [2],[3],ROW_NUMBER () OVER (PARTITION BY [2] ORDER BY [4] ASC) AS ROW_NUM,[4],[5] FROM [0].[1]) b ON A.[2] = b.[2] AND B.row_num = A.row_num + 1 WHERE A.[5] > B.[4] ;','6','1',NULL,'Core: History handling',NULL,152),(68,'core_8','SELECT * FROM [0].[1] WHERE [2] > [3];','4','1',NULL,'Core: History start & end date check',NULL,153),(69,'core_9','SELECT sk.[10] FROM [0].[1] src INNER JOIN [2].[3] sk  ON sk.[4] = src.[5]  and sk.[6]= [7] LEFT JOIN [8].[9] es on es.[11] = sk.[10] and es.[12] = (SELECT [12] FROM [13].[14] where [15] = [16]) and es.[17] = \'9999-12-31\' WHERE es.[11] IS NULL ;','18','1',NULL,'Core: Full dump processing',NULL,154),(70,'dq_10','SELECT * FROM (SELECT *,ROW_NUMBER() OVER (ORDER BY RECORD_DATE DESC) as t FROM [4].[5] WHERE schema_name = \"[0]\" AND table_name = \"[1]\" AND where_clause = \"[3]\" ) a WHERE T = 1 AND pre_count <> POST_COUNT','5','1',NULL,'DQ - Pre-Post Comparison',NULL,159),(71,'e2e_1','SELECT sk.[10] FROM [0].[1] src INNER JOIN [2].[3] sk ON sk.[4] = src.[5] and sk.[6]= [7] LEFT JOIN [8].[9] es on es.[11] = sk.[10] WHERE es.[11] IS NULL ;','12','1',NULL,'E2E: End-2-end data reconciliation',NULL,160),(72,'e2e_2','SELECT sk.[10] as PK_Column,src.[12] as Source_Value,t.[13] as Target_Value FROM [0].[1] src INNER JOIN [2].[3] sk ON sk.[4] = src.[5] and sk.[6]= [7] INNER JOIN [8].[9] t on t.[11] = sk.[10] WHERE src.[12] <> t.[13] ;','14','1',NULL,'E2E: Attribute mapping',NULL,161),(73,'sl_1','SELECT * FROM [0].[1] WHERE [2] IS NULL;','3','1',NULL,'SL: Semantic data uniqueness check',NULL,162),(74,'sl_2','SELECT [2] FROM [0].[1] GROUP BY [2] HAVING COUNT(1) > 1;','3','1',NULL,'SL: Semantic data completenss check',NULL,163),(75,'sl_3','SELECT c.[5] FROM [3].[4] c LEFT JOIN [0].[1] p on p.[2] = c.[5] WHERE p.[2] IS NULL;','6','1',NULL,'SL: Semantic referential integrity check',NULL,164),(76,'sl_4','SELECT src.[2] FROM [0].[1] src [6] LEFT JOIN [3].[4] tgt on tgt.[5] = src.[2] where tgt.[5] IS NULL;','7','1',NULL,'SL: Core - Semantic table record count',NULL,165),(77,'sl_5','SELECT src.[2] as PK_Column, src.[8] as Source_Value, tgt.[9] as Target_Value FROM [0].[1] src [6] INNER JOIN [3].[4] tgt on tgt.[5] = src.[2] where tgt.[9]<> src.[8];','10','1',NULL,'SL: Core - Semantic attribute mapping',NULL,166);
/*!40000 ALTER TABLE `Rules` ENABLE KEYS */;
UNLOCK TABLES;

--
-- Table structure for table `Tablecolumn`
--

DROP TABLE IF EXISTS `Tablecolumn`;
/*!40101 SET @saved_cs_client     = @@character_set_client */;
/*!50503 SET character_set_client = utf8mb4 */;
CREATE TABLE `Tablecolumn` (
  `TablecolumnId` bigint(20) NOT NULL AUTO_INCREMENT,
  `Tablecolumn` varchar(100) DEFAULT NULL,
  `FieldName` varchar(45) DEFAULT NULL,
  `Active` varchar(45) DEFAULT NULL,
  `Dbconfigid` bigint(20) DEFAULT NULL,
  PRIMARY KEY (`TablecolumnId`),
  KEY `Dbconfig_idx` (`Dbconfigid`),
  CONSTRAINT `Dbconnection` FOREIGN KEY (`Dbconfigid`) REFERENCES `DbConfig` (`Dbconfigid`) ON DELETE NO ACTION ON UPDATE NO ACTION
) ENGINE=InnoDB AUTO_INCREMENT=118 DEFAULT CHARSET=latin1;
/*!40101 SET character_set_client = @saved_cs_client */;

--
-- Dumping data for table `Tablecolumn`
--

LOCK TABLES `Tablecolumn` WRITE;
/*!40000 ALTER TABLE `Tablecolumn` DISABLE KEYS */;
INSERT INTO `Tablecolumn` VALUES (50,'Employee_ID','C','1',1),(51,'First_Name','C','1',1),(52,'Last_Name','C','1',1),(53,'Country','C','1',1),(54,'Load_Date','C','1',1),(55,'EMAIL','C','1',1),(56,'STATUS_TYPE_CD','C','1',1),(57,'START_DATE','C','1',1),(58,'END_DATE','C','1',1),(59,'PHONE','C','1',1),(60,'emp_manager_id','C','1',1),(61,'Manager_ID','C','1',1),(62,'Employee','T','1',1),(63,'Employee_Email','T','1',1),(64,'Employee_Phone','T','1',1),(65,'Employee_Status','T','1',1),(66,'employee_manager','T','1',1),(67,'CORE','D','1',1),(68,'EMPLOYEE_TYPE_CD','C','1',2),(69,'EMPLOYEE_TYPE_VALUE','C','1',2),(70,'VALID_UNTIL','C','1',2),(71,'SYS_DATE','C','1',2),(72,'EMPLOYEE_TYPE','C','1',2),(73,'STATUS_TYPE_VAL','C','1',2),(74,'STATUS_TYPE_CD','C','1',2),(75,'employee_id','C','1',2),(76,'nk_employee_id','C','1',2),(77,'emp_type_cd','C','1',2),(78,'EMPLOYEE_TYPE','T','1',2),(79,'LOAD_DATE','T','1',2),(80,'Ref_Employee_Type','T','1',2),(81,'Ref_Status_Type','T','1',2),(82,'key_employee_id','T','1',2),(83,'METADATA','D','1',2),(84,'employee_identifier','C','1',3),(85,'first_name','C','1',3),(86,'last_name','C','1',3),(87,'GENDER','C','1',3),(88,'EDUCATION','C','1',3),(89,'OCCUPATION','C','1',3),(90,'EXPERIENCE','C','1',3),(91,'SALARY','C','1',3),(92,'MARITAL_STATUS','C','1',3),(93,'EMPLOYEE_TYPE','C','1',3),(94,'email','C','1',3),(95,'country','C','1',3),(96,'phone','C','1',3),(97,'load_date','C','1',3),(98,'source_employee_data','T','1',3),(99,'STAGE','D','1',3),(100,'employee_id','C','1',5),(101,'employee_status','C','1',5),(102,'number_of_employees','C','1',5),(103,'First_Name','C','1',5),(104,'Last_Name','C','1',5),(105,'Email','C','1',5),(106,'Phone','C','1',5),(107,'Load_Date','C','1',5),(108,'Employee_Dim','T','1',5),(109,'SEMANTIC','D','1',5),(110,'record_date','C','1',6),(111,'schema_name','C','1',6),(112,'table_name','C','1',6),(113,'where_clause','C','1',6),(114,'pre_count','C','1',6),(115,'post_count','C','1',6),(116,'PRE_POST_COUNT_CHECK','T','1',6),(117,'XAUTOMATE_INTERNAL_DATA','D','1',6);
/*!40000 ALTER TABLE `Tablecolumn` ENABLE KEYS */;
UNLOCK TABLES;

--
-- Table structure for table `TestApproach`
--

DROP TABLE IF EXISTS `TestApproach`;
/*!40101 SET @saved_cs_client     = @@character_set_client */;
/*!50503 SET character_set_client = utf8mb4 */;
CREATE TABLE `TestApproach` (
  `TestApproachid` bigint(20) NOT NULL AUTO_INCREMENT,
  `TestApproachName` varchar(450) DEFAULT NULL,
  `TestSuiteId` bigint(20) DEFAULT NULL,
  `Description` varchar(4000) DEFAULT NULL,
  `Status` varchar(45) DEFAULT NULL,
  `CreatedDate` datetime DEFAULT NULL,
  `Connectionname` varchar(450) DEFAULT NULL,
  `Dbconfigid` bigint(20) DEFAULT NULL,
  PRIMARY KEY (`TestApproachid`),
  KEY `TestSuiteId_idx` (`TestSuiteId`),
  KEY `Dbconfigid_idx` (`Dbconfigid`),
  CONSTRAINT `Dbconfigid` FOREIGN KEY (`Dbconfigid`) REFERENCES `DbConfig` (`Dbconfigid`) ON DELETE NO ACTION ON UPDATE NO ACTION,
  CONSTRAINT `TestSuiteId` FOREIGN KEY (`TestSuiteId`) REFERENCES `TestSuite` (`TestSuiteId`) ON DELETE NO ACTION ON UPDATE NO ACTION
) ENGINE=InnoDB AUTO_INCREMENT=167 DEFAULT CHARSET=latin1;
/*!40101 SET character_set_client = @saved_cs_client */;

--
-- Dumping data for table `TestApproach`
--

LOCK TABLES `TestApproach` WRITE;
/*!40000 ALTER TABLE `TestApproach` DISABLE KEYS */;
INSERT INTO `TestApproach` VALUES (129,'Minor_Entity_check',1,NULL,'1','2020-12-15 07:20:00','2',2),(130,'Minor_Entity_table_uniqueness_check',1,NULL,'1','2020-12-15 07:20:46','2',2),(131,'Minor_Entity_table_completeness_check',1,NULL,'1','2020-12-15 07:21:25','2',2),(132,'Reference_table_check',1,NULL,'1','2020-12-15 07:21:56','2',2),(133,'Surrogate_key_generation_check',1,NULL,'1','2020-12-15 07:22:32','2',2),(134,'Surrogate_key_uniqueness_check',1,NULL,'1','2020-12-15 07:23:11','2',2),(135,'Surrogate_key_completeness_check',1,NULL,'1','2020-12-15 07:23:42','2',2),(136,'Reference_table_uniqueness_check',1,NULL,'1','2020-12-15 07:24:20','2',2),(137,'Reference_table_completeness_check',1,NULL,'1','2020-12-15 07:25:03','2',2),(138,'File_Stage_table_record_count_check',2,NULL,'0','2020-12-15 07:27:35','38',NULL),(139,'Statistical_check_Maximum_value',3,NULL,'1','2020-12-15 07:29:05','3',3),(140,'Statistical_check_Minimum_value',3,NULL,'1','2020-12-15 07:29:34','2',2),(141,'Missing_values_check',3,NULL,'1','2020-12-15 07:30:47','3',3),(142,'Illegal_values_check',3,NULL,'1','2020-12-15 07:31:25','3',3),(143,'Range_check',3,NULL,'0','2020-12-15 07:32:08','2',2),(144,'File_Stage_table_record_count_check',4,NULL,'0','2020-12-15 07:33:22','38',NULL),(145,'Stage_Core_attribute_mapping',4,NULL,'0','2020-12-15 07:34:11','38',NULL),(146,'Core_data_completeness_check',4,NULL,'1','2020-12-22 06:45:32','1',1),(147,'Core_data_uniqueness_check',4,NULL,'1','2020-12-22 06:45:48','1',1),(148,'Core_referential_integrity_check',4,NULL,'1','2020-12-22 06:46:08','1',1),(149,'Stage-Core_table_record_count',4,NULL,'1','2020-12-22 06:46:24','1',1),(150,'Stage-Core_attribute_mapping',4,NULL,'1','2020-12-22 06:46:42','1',1),(151,'Delta_processing',4,NULL,'1','2020-12-22 06:46:56','1',1),(152,'History_handling',4,NULL,'1','2020-12-22 06:47:11','1',1),(153,'History_start_end_date_check',4,NULL,'1','2020-12-22 06:47:26','1',1),(154,'Full_dump_processing',4,NULL,'1','2020-12-22 06:47:41','1',1),(155,'DEMO1',7,NULL,'0','2020-12-22 07:38:39','1',1),(156,'Out_of_range_check',3,NULL,'1','2020-12-22 11:15:08','3',3),(157,'Structure_discovery',3,NULL,'1','2020-12-22 11:15:31','3',3),(158,'Custom_Queries',3,NULL,'1','2020-12-22 11:15:45','3',3),(159,'DQ-Pre-PostComparison',3,NULL,'1','2020-12-28 10:02:51','3',3),(160,'End-2-end_data_reconciliation',6,NULL,'1','2020-12-28 10:46:08','3',3),(161,'Attribute_mapping',6,NULL,'1','2020-12-28 10:51:10','3',3),(162,'Semantic_data_uniqueness_check',5,NULL,'1','2020-12-28 11:17:19','4',4),(163,'Semantic_data_completenss_check',5,NULL,'1','2020-12-28 11:17:48','4',4),(164,'Semantic_referential_integrity_check',5,NULL,'1','2020-12-28 11:18:18','4',4),(165,'Core-Semantic_table_record_count',5,NULL,'1','2020-12-28 11:19:01','4',4),(166,'Core-Semantic_attribute_mapping',5,NULL,'1','2020-12-28 11:19:32','4',4);
/*!40000 ALTER TABLE `TestApproach` ENABLE KEYS */;
UNLOCK TABLES;

--
-- Table structure for table `TestCases`
--

DROP TABLE IF EXISTS `TestCases`;
/*!40101 SET @saved_cs_client     = @@character_set_client */;
/*!50503 SET character_set_client = utf8mb4 */;
CREATE TABLE `TestCases` (
  `TestCasesId` bigint(20) NOT NULL AUTO_INCREMENT,
  `TestCaseName` varchar(450) DEFAULT NULL,
  `TestcaseTitle` varchar(450) DEFAULT NULL,
  `Testdata` varchar(450) DEFAULT NULL,
  `ExceptedResult` varchar(450) DEFAULT NULL,
  `Status` varchar(450) DEFAULT NULL,
  `Description` varchar(450) DEFAULT NULL,
  `CreatedDate` datetime DEFAULT NULL,
  `TestApproachid` bigint(20) DEFAULT NULL,
  `RulesId` bigint(20) DEFAULT NULL,
  `Expextedparameter` varchar(45) DEFAULT NULL,
  PRIMARY KEY (`TestCasesId`),
  KEY `RulesId_idx` (`RulesId`),
  KEY `TestApproachid_idx` (`TestApproachid`),
  CONSTRAINT `RulesId` FOREIGN KEY (`RulesId`) REFERENCES `Rules` (`RulesId`) ON DELETE NO ACTION ON UPDATE NO ACTION,
  CONSTRAINT `TestCases_ibfk_1` FOREIGN KEY (`TestApproachid`) REFERENCES `TestApproach` (`TestApproachid`)
) ENGINE=InnoDB AUTO_INCREMENT=219 DEFAULT CHARSET=latin1;
/*!40101 SET character_set_client = @saved_cs_client */;

--
-- Dumping data for table `TestCases`
--

LOCK TABLES `TestCases` WRITE;
/*!40000 ALTER TABLE `TestCases` DISABLE KEYS */;
INSERT INTO `TestCases` VALUES (95,'me_1',NULL,'METADATA,EMPLOYEE_TYPE,EMPLOYEE_TYPE_CD,\"Personal Number\"','Check If Exists In Database','1',NULL,NULL,129,45,NULL),(96,'me_2',NULL,'METADATA,EMPLOYEE_TYPE,EMPLOYEE_TYPE_CD','Row Count Is 0','1',NULL,NULL,130,46,NULL),(97,'me_3',NULL,'METADATA,EMPLOYEE_TYPE,EMPLOYEE_TYPE_CD,','Row Count Is 0','1',NULL,NULL,131,47,''),(98,'ref_1',NULL,'METADATA,Ref_Employee_Type,EMPLOYEE_TYPE,\'Permanent Employee\',','Check If Exists In Database','1',NULL,NULL,132,48,''),(99,'ref_1',NULL,'METADATA,Ref_Employee_Type,EMPLOYEE_TYPE,\'Contractual Employee\',','Check If Exists In Database','1',NULL,NULL,132,48,''),(100,'ref_1',NULL,'METADATA,Ref_Employee_Type,EMPLOYEE_TYPE,\'Ex Employee\',','Check If Exists In Database','1',NULL,NULL,132,48,''),(101,'ref_1',NULL,'METADATA,Ref_Status_Type,STATUS_TYPE_VAL,\'Active\',','Check If Exists In Database','1',NULL,NULL,132,48,''),(102,'ref_1',NULL,'METADATA,Ref_Status_Type,STATUS_TYPE_VAL,\'Inactive\',','Check If Exists In Database','1',NULL,NULL,132,48,''),(103,'ref_2',NULL,'METADATA,Ref_Employee_Type,EMPLOYEE_TYPE, EMPLOYEE_TYPE_CD,','Row Count Is 0','1',NULL,NULL,136,52,''),(104,'ref_2',NULL,'METADATA,Ref_Status_Type,STATUS_TYPE_VAL,STATUS_TYPE_CD,','Row Count Is 0','1',NULL,NULL,136,52,''),(105,'ref_3',NULL,'METADATA,Ref_Employee_Type,EMPLOYEE_TYPE,','Row Count Is 0','1',NULL,NULL,137,53,''),(106,'ref_3',NULL,'METADATA,Ref_Employee_Type,EMPLOYEE_TYPE_CD,','Row Count Is 0','1',NULL,NULL,137,53,''),(107,'ref_3',NULL,'METADATA,Ref_Status_Type,STATUS_TYPE_VAL,','Row Count Is 0','1',NULL,NULL,137,53,''),(108,'ref_3',NULL,'METADATA,Ref_Status_Type,STATUS_TYPE_CD,','Row Count Is 0','1',NULL,NULL,137,53,''),(109,'sk_1',NULL,'STAGE,source_employee_data,employee_identifier,METADATA,key_employee_id,nk_employee_id,emp_type_cd = \'Personal Number\',','Row Count Is 0','1',NULL,NULL,133,49,''),(110,'sk_2',NULL,'METADATA,key_employee_id,nk_employee_id,emp_type_cd,','Row Count Is 0','1',NULL,NULL,134,50,''),(111,'sk_3',NULL,'METADATA,key_employee_id,nk_employee_id,','Row Count Is 0','1',NULL,NULL,135,51,''),(112,'sk_3',NULL,'METADATA,key_employee_id,emp_type_cd,','Row Count Is 0','1',NULL,NULL,135,51,''),(113,'dq_1',NULL,'STAGE,source_employee_data,EMPLOYEE_TYPE,>,3,','Row Count Is 0','1',NULL,NULL,139,54,''),(114,'dq_2',NULL,'STAGE,source_employee_data,EXPERIENCE,<,0,','Row Count Is 0','1',NULL,NULL,140,55,''),(115,'dq_2',NULL,'STAGE,source_employee_data,SALARY,<,0,','Row Count Is 0','1',NULL,NULL,140,55,''),(116,'dq_2',NULL,'STAGE,source_employee_data,EMPLOYEE_TYPE,<,1,','Row Count Is 0','1',NULL,NULL,140,55,''),(117,'dq_3',NULL,'STAGE,source_employee_data,EMPLOYEE_TYPE,NOT BETWEEN,1,3,','Row Count Is 0','1',NULL,NULL,156,56,''),(118,'dq_4',NULL,'STAGE,source_employee_data,EMPLOYEE_IDENTIFIER,is,NULL,','Row Count Is 0','1',NULL,NULL,141,57,''),(119,'dq_4',NULL,'STAGE,source_employee_data,EMPLOYEE_IDENTIFIER,=,\'\',','Row Count Is 0','1',NULL,NULL,141,57,''),(120,'dq_4',NULL,'STAGE,source_employee_data,first_name,is,NULL,','Row Count Is 0','1',NULL,NULL,141,57,''),(121,'dq_4',NULL,'STAGE,source_employee_data,first_name,=,\'\',','Row Count Is 0','1',NULL,NULL,141,57,''),(122,'dq_4',NULL,'STAGE,source_employee_data,last_name,is,NULL,','Row Count Is 0','1',NULL,NULL,141,57,''),(123,'dq_4',NULL,'STAGE,source_employee_data,last_name,=,\'\',','Row Count Is 0','1',NULL,NULL,141,57,''),(124,'dq_4',NULL,'STAGE,source_employee_data,GENDER,is,NULL,','Row Count Is 0','1',NULL,NULL,141,57,''),(125,'dq_4',NULL,'STAGE,source_employee_data,GENDER,=,\'\',','Row Count Is 0','1',NULL,NULL,141,57,''),(126,'dq_4',NULL,'STAGE,source_employee_data,EXPERIENCE,is,NULL,','Row Count Is 0','1',NULL,NULL,141,57,''),(127,'dq_4',NULL,'STAGE,source_employee_data,EXPERIENCE,=,\'\',','Row Count Is 0','1',NULL,NULL,141,57,''),(128,'dq_4',NULL,'STAGE,source_employee_data,SALARY,is,NULL,','Row Count Is 0','1',NULL,NULL,141,57,''),(129,'dq_4',NULL,'STAGE,source_employee_data,SALARY,=,\'\',','Row Count Is 0','1',NULL,NULL,141,57,''),(130,'dq_4',NULL,'STAGE,source_employee_data,EMPLOYEE_TYPE,is,NULL,','Row Count Is 0','1',NULL,NULL,141,57,''),(131,'dq_4',NULL,'STAGE,source_employee_data,EMPLOYEE_TYPE,=,\'\',','Row Count Is 0','1',NULL,NULL,141,57,''),(132,'dq_4',NULL,'STAGE,source_employee_data,email,is,NULL,','Row Count Is 0','1',NULL,NULL,141,57,''),(133,'dq_4',NULL,'STAGE,source_employee_data,email,=,\'\',','Row Count Is 0','1',NULL,NULL,141,57,''),(134,'dq_4',NULL,'STAGE,source_employee_data,country,is,NULL,','Row Count Is 0','1',NULL,NULL,141,57,''),(135,'dq_4',NULL,'STAGE,source_employee_data,country,=,\'\',','Row Count Is 0','1',NULL,NULL,141,57,''),(136,'dq_4',NULL,'STAGE,source_employee_data,phone,is,NULL,','Row Count Is 0','1',NULL,NULL,141,57,''),(137,'dq_4',NULL,'STAGE,source_employee_data,phone,=,\'\',','Row Count Is 0','1',NULL,NULL,141,57,''),(138,'dq_5',NULL,'STAGE,source_employee_data,EMPLOYEE_IDENTIFIER,=,\'0000000000\',','Row Count Is 0','1',NULL,NULL,142,58,''),(139,'dq_5',NULL,'STAGE,source_employee_data,first_name,like,\'%.%\',','Row Count Is 0','1',NULL,NULL,142,58,''),(140,'dq_5',NULL,'STAGE,source_employee_data,last_name,like,\'%.%\',','Row Count Is 0','1',NULL,NULL,142,58,''),(141,'core_1',NULL,'CORE,Employee,Employee_ID,','Row Count Is 0','1',NULL,NULL,146,61,''),(142,'core_1',NULL,'CORE,Employee,Last_Name,','Row Count Is 0','1',NULL,NULL,146,61,''),(143,'core_1',NULL,'CORE,Employee,First_Name,','Row Count Is 0','1',NULL,NULL,146,61,''),(144,'core_1',NULL,'CORE,Employee,Country,','Row Count Is 0','1',NULL,NULL,146,61,''),(145,'core_1',NULL,'CORE,employee_manager,Employee_ID,','Row Count Is 0','1',NULL,NULL,146,61,''),(146,'core_1',NULL,'CORE,employee_manager,manager_ID,','Row Count Is 0','1',NULL,NULL,146,61,''),(147,'core_1',NULL,'CORE,employee_manager,status_type_cd,','Row Count Is 0','1',NULL,NULL,146,61,''),(148,'core_1',NULL,'CORE,employee_manager,end_date,','Row Count Is 0','1',NULL,NULL,146,61,''),(149,'core_1',NULL,'CORE,employee_manager,start_date,','Row Count Is 0','1',NULL,NULL,146,61,''),(150,'core_1',NULL,'CORE,Employee_Status,Employee_ID,','Row Count Is 0','1',NULL,NULL,146,61,''),(151,'core_1',NULL,'CORE,Employee_Status,status_type_cd,','Row Count Is 0','1',NULL,NULL,146,61,''),(152,'core_1',NULL,'CORE,Employee_Status,start_date,','Row Count Is 0','1',NULL,NULL,146,61,''),(153,'core_1',NULL,'CORE,Employee_Status,end_date,','Row Count Is 0','1',NULL,NULL,146,61,''),(154,'core_1',NULL,'CORE,Employee_Email,Employee_ID,','Row Count Is 0','1',NULL,NULL,146,61,''),(155,'core_1',NULL,'CORE,Employee_Email,email,','Row Count Is 0','1',NULL,NULL,146,61,''),(156,'core_1',NULL,'CORE,Employee_Email,status_type_cd,','Row Count Is 0','1',NULL,NULL,146,61,''),(157,'core_1',NULL,'CORE,Employee_Email,start_date,','Row Count Is 0','1',NULL,NULL,146,61,''),(158,'core_1',NULL,'CORE,Employee_Email,end_date,','Row Count Is 0','1',NULL,NULL,146,61,''),(159,'core_1',NULL,'CORE,Employee_Phone,Employee_ID,','Row Count Is 0','1',NULL,NULL,146,61,''),(160,'core_1',NULL,'CORE,Employee_Phone,phone,','Row Count Is 0','1',NULL,NULL,146,61,''),(161,'core_1',NULL,'CORE,Employee_Phone,status_type_cd,','Row Count Is 0','1',NULL,NULL,146,61,''),(162,'core_1',NULL,'CORE,Employee_Phone,start_date,','Row Count Is 0','1',NULL,NULL,146,61,''),(163,'core_1',NULL,'CORE,Employee_Phone,end_date,','Row Count Is 0','1',NULL,NULL,146,61,''),(164,'core_2',NULL,'CORE,Employee,employee_ID','Row Count Is 0','1',NULL,NULL,147,62,NULL),(165,'core_2',NULL,'CORE,employee_manager,employee_ID, manager_ID, start_date,','Row Count Is 0','1',NULL,NULL,147,62,''),(166,'core_2',NULL,'CORE,Employee_Status,employee_id,','Row Count Is 0','1',NULL,NULL,147,62,''),(167,'core_2',NULL,'CORE,Employee_Email,employee_id','Row Count Is 0','1',NULL,NULL,147,62,NULL),(168,'core_2',NULL,'CORE,Employee_Phone,employee_id','Row Count Is 0','1',NULL,NULL,147,62,NULL),(169,'core_3',NULL,'CORE,Employee,employee_ID,CORE,employee_manager,manager_ID,','Row Count Is 0','1',NULL,NULL,148,63,''),(170,'core_3',NULL,'METADATA,key_employee_id,EMPLOYEE_ID,CORE,Employee,employee_ID,','Row Count Is 0','1',NULL,NULL,148,63,''),(171,'core_3',NULL,'CORE,Employee,employee_ID,CORE,employee_manager,employee_ID,','Row Count Is 0','1',NULL,NULL,148,63,''),(172,'core_3',NULL,'CORE,Employee,employee_ID,CORE,Employee_Status,employee_ID,','Row Count Is 0','1',NULL,NULL,148,63,''),(173,'core_3',NULL,'METADATA,Ref_Status_Type,STATUS_TYPE_CD,CORE,Employee_Status,STATUS_TYPE_CD,','Row Count Is 0','1',NULL,NULL,148,63,''),(174,'core_3',NULL,'CORE,Employee,employee_ID,CORE,Employee_Email,employee_ID,','Row Count Is 0','1',NULL,NULL,148,63,''),(175,'core_3',NULL,'CORE,Employee,employee_ID,CORE,Employee_Phone,employee_ID,','Row Count Is 0','1',NULL,NULL,148,63,''),(176,'core_4',NULL,'STAGE,source_employee_data,METADATA,key_employee_id,nk_employee_id,employee_identifier,emp_type_cd,\'Personal Number\',CORE,Employee,employee_ID,employee_ID,','Row Count Is 0','1',NULL,NULL,149,64,''),(177,'core_5',NULL,'STAGE,source_employee_data,metadata,key_employee_id,nk_employee_id,employee_identifier,emp_type_cd,\'Personal Number\',CORE,Employee,employee_ID,employee_ID,First_Name,First_Name,','Row Count Is 0','1',NULL,NULL,150,65,''),(178,'core_5',NULL,'STAGE,source_employee_data,METADATA,key_employee_id,nk_employee_id,employee_identifier,emp_type_cd,\'Personal Number\',CORE,Employee,employee_ID,employee_ID,Last_Name,Last_Name,','Row Count Is 0','1',NULL,NULL,150,65,''),(179,'core_7',NULL,'CORE,Employee_email,employee_id,email,start_date,end_date,','Row Count Is 0','1',NULL,NULL,152,67,''),(180,'core_7',NULL,'CORE,Employee_Phone,employee_id,phone,start_date,end_date,','Row Count Is 0','1',NULL,NULL,152,67,''),(181,'core_7',NULL,'CORE,Employee_Manager,employee_id,manager_id,start_date,end_date,','Row Count Is 0','1',NULL,NULL,152,67,''),(182,'core_8',NULL,'CORE,Employee_Email,start_date,end_date,','Row Count Is 0','1',NULL,NULL,153,68,''),(183,'core_8',NULL,'CORE,Employee_Phone,start_date,end_date,','Row Count Is 0','1',NULL,NULL,153,68,''),(184,'core_8',NULL,'CORE,employee_manager,start_date,end_date,','Row Count Is 0','1',NULL,NULL,153,68,''),(185,'core_9',NULL,'STAGE,source_employee_data,METADATA,key_employee_id,nk_employee_id,employee_identifier,emp_type_cd,\'Personal Number\',CORE,employee_status,employee_ID,employee_ID,STATUS_TYPE_CD,metadata,ref_status_type,status_type_val,\'Active\',end_date,','Row Count Is 0','1',NULL,NULL,154,69,''),(186,'core_6',NULL,'STAGE,source_employee_data,METADATA,key_employee_id,nk_employee_id,employee_identifier,emp_type_cd,\'Personal Number\',CORE,Employee_Email,employee_ID,employee_ID,STATUS_TYPE_CD,METADATA,Ref_Employee_Type,status_type_val,\'Active\',end_date,email,email,','Row Count Is 0','1',NULL,NULL,151,66,''),(187,'core_6',NULL,'STAGE,source_employee_data,METADATA,key_employee_id,nk_employee_id,employee_identifier,emp_type_cd,\'Personal Number\',CORE,Employee_Phone,employee_ID,employee_ID,STATUS_TYPE_CD,METADATA,Ref_Employee_Type,status_type_val,\'Active\',end_date,phone,phone,','Row Count Is 0','1',NULL,NULL,151,66,''),(188,'dq_7',NULL,'STAGE,source_employee_data,EMPLOYEE_TYPE IN (\'1\',\'2\') AND MARITAL_STATUS = \'Married\',','Check If Exists In Database','1',NULL,NULL,158,60,''),(189,'dq_7',NULL,'STAGE,source_employee_data,EMPLOYEE_TYPE IN (\'1\',\'3\') AND OCCUPATION = \'Fashion Designer\',','Check If Exists In Database','1',NULL,NULL,158,60,''),(190,'dq_7',NULL,'STAGE,source_employee_data,EMPLOYEE_TYPE = \'2\' AND MARITAL_STATUS = \'Single\' AND EDUCATION = \'Bachelor\',','Check If Exists In Database','1',NULL,NULL,158,60,''),(191,'dq_7',NULL,'STAGE,source_employee_data,EMPLOYEE_TYPE NOT IN (\'1\', \'2\', \'3\'),','Row Count Is 0','1',NULL,NULL,158,60,''),(192,'dq_10',NULL,'STAGE,source_employee_data,EMPLOYEE_TYPE IN (\'1\',\'2\') AND MARITAL_STATUS = \'Married\',XAUTOMATE_INTERNAL_DATA,PRE_POST_COUNT_CHECK,','Row Count Is 0','1',NULL,NULL,159,70,''),(193,'dq_10',NULL,'STAGE,source_employee_data,EMPLOYEE_TYPE IN (\'1\',\'3\') AND OCCUPATION = \'Fashion Designer\',XAUTOMATE_INTERNAL_DATA,PRE_POST_COUNT_CHECK,','Row Count Is 0','1',NULL,NULL,159,70,''),(194,'dq_10',NULL,'STAGE,source_employee_data,EMPLOYEE_TYPE = \'2\' AND MARITAL_STATUS = \'Single\' AND EDUCATION = \'Bachelor\',XAUTOMATE_INTERNAL_DATA,PRE_POST_COUNT_CHECK,','Row Count Is 0','1',NULL,NULL,159,70,''),(195,'dq_10',NULL,'STAGE,source_employee_data,EMPLOYEE_TYPE NOT IN (\'1\', \'2\', \'3\'),XAUTOMATE_INTERNAL_DATA,PRE_POST_COUNT_CHECK,','Row Count Is 0','1',NULL,NULL,159,70,''),(196,'dq_6',NULL,'STAGE,source_employee_data,phone,NOT LIKE,\'%-%-%\'','Row Count Is 0','1',NULL,NULL,157,59,NULL),(197,'dq_6',NULL,'STAGE,source_employee_data,email,NOT LIKE,\'%@%.%\'','Row Count Is 0','1',NULL,NULL,157,59,NULL),(206,'e2e_2',NULL,'STAGE,source_employee_data,METADATA,key_employee_id,nk_employee_id,employee_identifier,emp_type_cd,\'Personal Number\',SEMANTIC,Employee_Dim,employee_ID,employee_ID,First_Name,First_Name,','Row Count Is 0','1',NULL,NULL,161,72,''),(207,'e2e_2',NULL,'STAGE,source_employee_data,METADATA,key_employee_id,nk_employee_id,employee_identifier,emp_type_cd,\'Personal Number\',SEMANTIC,Employee_Dim,employee_ID,employee_ID,Last_Name,Last_Name,','Row Count Is 0','1',NULL,NULL,161,72,''),(208,'e2e_2',NULL,'STAGE,source_employee_data,METADATA,key_employee_id,nk_employee_id,employee_identifier,emp_type_cd,\'Personal Number\',SEMANTIC,Employee_Dim,employee_ID,employee_ID,email,email,','Row Count Is 0','1',NULL,NULL,161,72,''),(209,'e2e_2',NULL,'STAGE,source_employee_data,METADATA,key_employee_id,nk_employee_id,employee_identifier,emp_type_cd,\'Personal Number\',SEMANTIC,Employee_Dim,employee_ID,employee_ID,phone,phone,','Row Count Is 0','1',NULL,NULL,161,72,''),(210,'e2e_1',NULL,'STAGE,source_employee_data,METADATA,key_employee_id,nk_employee_id,employee_identifier,emp_type_cd,\'Personal Number\',SEMANTIC,Employee_Dim,employee_ID,employee_ID,','Row Count Is 0','1',NULL,NULL,160,71,''),(211,'sl_5',NULL,'CORE,Employee,employee_ID,SEMANTIC,Employee_Dim,employee_id,INNER JOIN CORE.Employee_Status sts on src.employee_id = sts.employee_id AND sts.status_type_cd = (SELECT STATUS_TYPE_CD FROM METADATA.Ref_Status_Type WHERE STATUS_TYPE_VAL = \'Active\') AND (SELECT SYS_DATE FROM METADATA.LOAD_DATE) BETWEEN sts.START_DATE AND sts.END_DATE,employee_id,first_name,first_name,','Row Count Is 0','1',NULL,NULL,166,77,''),(212,'sl_5',NULL,'CORE,Employee,employee_ID,SEMANTIC,Employee_Dim,employee_id,INNER JOIN CORE.Employee_Status sts on src.employee_id = sts.employee_id AND sts.status_type_cd = (SELECT STATUS_TYPE_CD FROM METADATA.Ref_Status_Type WHERE STATUS_TYPE_VAL = \'Active\') AND (SELECT SYS_DATE FROM METADATA.LOAD_DATE) BETWEEN sts.START_DATE AND sts.END_DATE,employee_id,last_name,last_name,','Row Count Is 0','1',NULL,NULL,166,77,''),(213,'sl_2',NULL,'SEMANTIC,Employee_Dim,employee_id,','Row Count Is 0','1',NULL,NULL,163,74,''),(214,'sl_3',NULL,'CORE,Employee,employee_ID,SEMANTIC,Employee_Dim,employee_id,','Row Count Is 0','1',NULL,NULL,164,75,''),(215,'sl_4',NULL,'CORE,Employee,employee_ID,SEMANTIC,Employee_Dim,employee_id,INNER JOIN CORE.Employee_Status sts on src.employee_id = sts.employee_id AND sts.status_type_cd = (SELECT STATUS_TYPE_CD FROM METADATA.Ref_Status_Type WHERE STATUS_TYPE_VAL = \'Active\') AND (SELECT SYS_DATE FROM METADATA.LOAD_DATE) BETWEEN sts.START_DATE AND sts.END_DATE,employee_id,','Row Count Is 0','1',NULL,NULL,165,76,''),(216,'sl_1',NULL,'SEMANTIC,Employee_Dim,employee_id,','Row Count Is 0','1',NULL,NULL,162,73,''),(217,'sl_1',NULL,'SEMANTIC,Employee_Dim,employee_status,','Row Count Is 0','1',NULL,NULL,162,73,''),(218,'sl_1',NULL,'SEMANTIC,Employee_Dim,number_of_employees,','Row Count Is 0','1',NULL,NULL,162,73,'');
/*!40000 ALTER TABLE `TestCases` ENABLE KEYS */;
UNLOCK TABLES;

--
-- Table structure for table `TestSuite`
--

DROP TABLE IF EXISTS `TestSuite`;
/*!40101 SET @saved_cs_client     = @@character_set_client */;
/*!50503 SET character_set_client = utf8mb4 */;
CREATE TABLE `TestSuite` (
  `TestSuiteId` bigint(20) NOT NULL AUTO_INCREMENT,
  `TestSuitename` varchar(4000) DEFAULT NULL,
  `Description` varchar(4000) DEFAULT NULL,
  `Status` varchar(45) DEFAULT NULL,
  `CreatedDate` datetime DEFAULT NULL,
  PRIMARY KEY (`TestSuiteId`)
) ENGINE=InnoDB AUTO_INCREMENT=9 DEFAULT CHARSET=latin1;
/*!40101 SET character_set_client = @saved_cs_client */;

--
-- Dumping data for table `TestSuite`
--

LOCK TABLES `TestSuite` WRITE;
/*!40000 ALTER TABLE `TestSuite` DISABLE KEYS */;
INSERT INTO `TestSuite` VALUES (1,'Metadata',NULL,'1','2020-12-15 04:25:06'),(2,'Landing_Area',NULL,'1','2020-12-15 05:38:05'),(3,'Data_Quality',NULL,'1','2020-12-15 05:44:49'),(4,'Core_Layer',NULL,'1','2020-12-15 05:46:04'),(5,'Semantic_Layer',NULL,'1','2020-12-15 05:46:21'),(6,'End-2-end',NULL,'1','2020-12-15 05:46:35'),(7,'BI_Reporting_Layer',NULL,'1','2020-12-15 05:46:51'),(8,'Export_Layer',NULL,'0','2020-12-15 05:47:01');
/*!40000 ALTER TABLE `TestSuite` ENABLE KEYS */;
UNLOCK TABLES;
/*!40103 SET TIME_ZONE=@OLD_TIME_ZONE */;

/*!40101 SET SQL_MODE=@OLD_SQL_MODE */;
/*!40014 SET FOREIGN_KEY_CHECKS=@OLD_FOREIGN_KEY_CHECKS */;
/*!40014 SET UNIQUE_CHECKS=@OLD_UNIQUE_CHECKS */;
/*!40101 SET CHARACTER_SET_CLIENT=@OLD_CHARACTER_SET_CLIENT */;
/*!40101 SET CHARACTER_SET_RESULTS=@OLD_CHARACTER_SET_RESULTS */;
/*!40101 SET COLLATION_CONNECTION=@OLD_COLLATION_CONNECTION */;
/*!40111 SET SQL_NOTES=@OLD_SQL_NOTES */;

-- Dump completed on 2021-01-04  9:59:59
-- MySQL dump 10.13  Distrib 8.0.21, for Win64 (x86_64)
--
-- Host: 52.169.179.74    Database: METADATA
-- ------------------------------------------------------
-- Server version	5.7.32

/*!40101 SET @OLD_CHARACTER_SET_CLIENT=@@CHARACTER_SET_CLIENT */;
/*!40101 SET @OLD_CHARACTER_SET_RESULTS=@@CHARACTER_SET_RESULTS */;
/*!40101 SET @OLD_COLLATION_CONNECTION=@@COLLATION_CONNECTION */;
/*!50503 SET NAMES utf8 */;
/*!40103 SET @OLD_TIME_ZONE=@@TIME_ZONE */;
/*!40103 SET TIME_ZONE='+00:00' */;
/*!40014 SET @OLD_UNIQUE_CHECKS=@@UNIQUE_CHECKS, UNIQUE_CHECKS=0 */;
/*!40014 SET @OLD_FOREIGN_KEY_CHECKS=@@FOREIGN_KEY_CHECKS, FOREIGN_KEY_CHECKS=0 */;
/*!40101 SET @OLD_SQL_MODE=@@SQL_MODE, SQL_MODE='NO_AUTO_VALUE_ON_ZERO' */;
/*!40111 SET @OLD_SQL_NOTES=@@SQL_NOTES, SQL_NOTES=0 */;

--
-- Table structure for table `EMPLOYEE_TYPE`
--

DROP TABLE IF EXISTS `EMPLOYEE_TYPE`;
/*!40101 SET @saved_cs_client     = @@character_set_client */;
/*!50503 SET character_set_client = utf8mb4 */;
CREATE TABLE `EMPLOYEE_TYPE` (
  `EMPLOYEE_TYPE_CD` varchar(700) DEFAULT NULL,
  `EMPLOYEE_TYPE_VALUE` varchar(50) DEFAULT NULL,
  `VALID_UNTIL` date DEFAULT NULL
) ENGINE=InnoDB DEFAULT CHARSET=latin1;
/*!40101 SET character_set_client = @saved_cs_client */;

--
-- Dumping data for table `EMPLOYEE_TYPE`
--

LOCK TABLES `EMPLOYEE_TYPE` WRITE;
/*!40000 ALTER TABLE `EMPLOYEE_TYPE` DISABLE KEYS */;
INSERT INTO `EMPLOYEE_TYPE` VALUES ('Personal Number',NULL,'9999-12-31');
/*!40000 ALTER TABLE `EMPLOYEE_TYPE` ENABLE KEYS */;
UNLOCK TABLES;

--
-- Table structure for table `LOAD_DATE`
--

DROP TABLE IF EXISTS `LOAD_DATE`;
/*!40101 SET @saved_cs_client     = @@character_set_client */;
/*!50503 SET character_set_client = utf8mb4 */;
CREATE TABLE `LOAD_DATE` (
  `SYS_DATE` date DEFAULT NULL
) ENGINE=InnoDB DEFAULT CHARSET=latin1;
/*!40101 SET character_set_client = @saved_cs_client */;

--
-- Dumping data for table `LOAD_DATE`
--

LOCK TABLES `LOAD_DATE` WRITE;
/*!40000 ALTER TABLE `LOAD_DATE` DISABLE KEYS */;
INSERT INTO `LOAD_DATE` VALUES ('2020-10-15');
/*!40000 ALTER TABLE `LOAD_DATE` ENABLE KEYS */;
UNLOCK TABLES;

--
-- Table structure for table `Ref_Employee_Type`
--

DROP TABLE IF EXISTS `Ref_Employee_Type`;
/*!40101 SET @saved_cs_client     = @@character_set_client */;
/*!50503 SET character_set_client = utf8mb4 */;
CREATE TABLE `Ref_Employee_Type` (
  `EMPLOYEE_TYPE` varchar(30) DEFAULT NULL,
  `EMPLOYEE_TYPE_CD` varchar(10) DEFAULT NULL
) ENGINE=InnoDB DEFAULT CHARSET=latin1;
/*!40101 SET character_set_client = @saved_cs_client */;

--
-- Dumping data for table `Ref_Employee_Type`
--

LOCK TABLES `Ref_Employee_Type` WRITE;
/*!40000 ALTER TABLE `Ref_Employee_Type` DISABLE KEYS */;
INSERT INTO `Ref_Employee_Type` VALUES ('Permanent Employee','EMP001'),('Contractual Employee','EMP002'),('Ex Employee','EMP003');
/*!40000 ALTER TABLE `Ref_Employee_Type` ENABLE KEYS */;
UNLOCK TABLES;

--
-- Table structure for table `Ref_Status_Type`
--

DROP TABLE IF EXISTS `Ref_Status_Type`;
/*!40101 SET @saved_cs_client     = @@character_set_client */;
/*!50503 SET character_set_client = utf8mb4 */;
CREATE TABLE `Ref_Status_Type` (
  `STATUS_TYPE_VAL` varchar(30) DEFAULT NULL,
  `STATUS_TYPE_CD` varchar(10) DEFAULT NULL
) ENGINE=InnoDB DEFAULT CHARSET=latin1;
/*!40101 SET character_set_client = @saved_cs_client */;

--
-- Dumping data for table `Ref_Status_Type`
--

LOCK TABLES `Ref_Status_Type` WRITE;
/*!40000 ALTER TABLE `Ref_Status_Type` DISABLE KEYS */;
INSERT INTO `Ref_Status_Type` VALUES ('Active','STS001'),('Inactive','STS002');
/*!40000 ALTER TABLE `Ref_Status_Type` ENABLE KEYS */;
UNLOCK TABLES;

--
-- Table structure for table `key_employee_id`
--

DROP TABLE IF EXISTS `key_employee_id`;
/*!40101 SET @saved_cs_client     = @@character_set_client */;
/*!50503 SET character_set_client = utf8mb4 */;
CREATE TABLE `key_employee_id` (
  `employee_id` int(11) NOT NULL AUTO_INCREMENT,
  `nk_employee_id` varchar(45) DEFAULT NULL,
  `emp_type_cd` varchar(15) DEFAULT NULL,
  PRIMARY KEY (`employee_id`)
) ENGINE=InnoDB AUTO_INCREMENT=201 DEFAULT CHARSET=latin1;
/*!40101 SET character_set_client = @saved_cs_client */;

--
-- Dumping data for table `key_employee_id`
--

LOCK TABLES `key_employee_id` WRITE;
/*!40000 ALTER TABLE `key_employee_id` DISABLE KEYS */;
INSERT INTO `key_employee_id` VALUES (1,'0001687984','Personal Number'),(2,'0024597559','Personal Number'),(3,'0080378796','Personal Number'),(4,'0189253897','Personal Number'),(5,'0209297924','Personal Number'),(6,'0237596210','Personal Number'),(7,'0319607558','Personal Number'),(8,'0380657791','Personal Number'),(9,'0398653374','Personal Number'),(10,'0445540160','Personal Number'),(11,'0448279307','Personal Number'),(12,'0451137622','Personal Number'),(13,'0574528513','Personal Number'),(14,'0582232745','Personal Number'),(15,'0589667594','Personal Number'),(16,'0601354663','Personal Number'),(17,'0625801415','Personal Number'),(18,'0626001920','Personal Number'),(19,'0763751644','Personal Number'),(20,'0860167177','Personal Number'),(21,'0947812325','Personal Number'),(22,'0972459310','Personal Number'),(23,'1084311129','Personal Number'),(24,'1121358706','Personal Number'),(25,'1150476309','Personal Number'),(26,'1272333183','Personal Number'),(27,'1277132150','Personal Number'),(28,'1388921422','Personal Number'),(29,'1598025538','Personal Number'),(30,'1626607149','Personal Number'),(31,'1671367006','Personal Number'),(32,'1745287269','Personal Number'),(33,'1796180174','Personal Number'),(34,'1834414457','Personal Number'),(35,'1855676187','Personal Number'),(36,'1857476841','Personal Number'),(37,'1878903570','Personal Number'),(38,'1972999872','Personal Number'),(39,'1974155605','Personal Number'),(40,'2017852129','Personal Number'),(41,'2055335191','Personal Number'),(42,'2197000737','Personal Number'),(43,'2321008811','Personal Number'),(44,'2494975077','Personal Number'),(45,'2510643794','Personal Number'),(46,'2560623677','Personal Number'),(47,'2598748077','Personal Number'),(48,'2608430797','Personal Number'),(49,'2609652324','Personal Number'),(50,'2681742034','Personal Number'),(51,'2683110052','Personal Number'),(52,'2751764570','Personal Number'),(53,'2773373967','Personal Number'),(54,'2960680690','Personal Number'),(55,'3088579008','Personal Number'),(56,'3101577542','Personal Number'),(57,'3122764000','Personal Number'),(58,'3154922813','Personal Number'),(59,'3156594204','Personal Number'),(60,'3212649999','Personal Number'),(61,'3248621543','Personal Number'),(62,'3345609612','Personal Number'),(63,'3404063191','Personal Number'),(64,'3456080531','Personal Number'),(65,'3501205293','Personal Number'),(66,'3525717874','Personal Number'),(67,'3559768988','Personal Number'),(68,'3583461372','Personal Number'),(69,'3609872131','Personal Number'),(70,'3626823747','Personal Number'),(71,'3662056230','Personal Number'),(72,'3708011268','Personal Number'),(73,'3731846429','Personal Number'),(74,'3738944128','Personal Number'),(75,'3751601337','Personal Number'),(76,'3766102778','Personal Number'),(77,'3766230689','Personal Number'),(78,'3769733379','Personal Number'),(79,'3810985597','Personal Number'),(80,'3816702103','Personal Number'),(81,'3873885853','Personal Number'),(82,'3879387779','Personal Number'),(83,'3879575023','Personal Number'),(84,'3978340575','Personal Number'),(85,'4055437431','Personal Number'),(86,'4114127323','Personal Number'),(87,'4143157555','Personal Number'),(88,'4148399573','Personal Number'),(89,'4176263212','Personal Number'),(90,'4220106665','Personal Number'),(91,'4245266223','Personal Number'),(92,'4340425043','Personal Number'),(93,'4341806916','Personal Number'),(94,'4367566132','Personal Number'),(95,'4394348181','Personal Number'),(96,'4493637151','Personal Number'),(97,'4509311836','Personal Number'),(98,'4517398876','Personal Number'),(99,'4638957990','Personal Number'),(100,'4752094844','Personal Number'),(101,'4766950096','Personal Number'),(102,'4848051103','Personal Number'),(103,'4895764577','Personal Number'),(104,'4912399753','Personal Number'),(105,'4951869477','Personal Number'),(106,'5003270700','Personal Number'),(107,'5055193230','Personal Number'),(108,'5184122736','Personal Number'),(109,'5306612331','Personal Number'),(110,'5347186800','Personal Number'),(111,'5433010330','Personal Number'),(112,'5457643873','Personal Number'),(113,'5533771281','Personal Number'),(114,'5570936971','Personal Number'),(115,'5634268549','Personal Number'),(116,'5803555524','Personal Number'),(117,'5824354073','Personal Number'),(118,'5836152505','Personal Number'),(119,'5882521338','Personal Number'),(120,'5902247023','Personal Number'),(121,'5933346301','Personal Number'),(122,'5962430454','Personal Number'),(123,'6053282527','Personal Number'),(124,'6113907551','Personal Number'),(125,'6130598353','Personal Number'),(126,'6216658271','Personal Number'),(127,'6244420654','Personal Number'),(128,'6398694344','Personal Number'),(129,'6407105110','Personal Number'),(130,'6431738740','Personal Number'),(131,'6474251848','Personal Number'),(132,'6476121933','Personal Number'),(133,'6484126513','Personal Number'),(134,'6501055026','Personal Number'),(135,'6564944696','Personal Number'),(136,'6576369800','Personal Number'),(137,'6660826107','Personal Number'),(138,'6667666354','Personal Number'),(139,'6683247847','Personal Number'),(140,'6763709802','Personal Number'),(141,'6835834882','Personal Number'),(142,'6846660052','Personal Number'),(143,'6846885662','Personal Number'),(144,'6907179125','Personal Number'),(145,'6976495063','Personal Number'),(146,'6985340296','Personal Number'),(147,'7081001995','Personal Number'),(148,'7099653671','Personal Number'),(149,'7190527903','Personal Number'),(150,'7195880678','Personal Number'),(151,'7222638751','Personal Number'),(152,'7288621422','Personal Number'),(153,'7426554961','Personal Number'),(154,'7586414079','Personal Number'),(155,'7693052140','Personal Number'),(156,'7752090603','Personal Number'),(157,'7827269940','Personal Number'),(158,'7903095090','Personal Number'),(159,'7990628843','Personal Number'),(160,'8030732619','Personal Number'),(161,'8034319315','Personal Number'),(162,'8131797141','Personal Number'),(163,'8169715059','Personal Number'),(164,'8206853705','Personal Number'),(165,'8290386139','Personal Number'),(166,'8343394334','Personal Number'),(167,'8483115501','Personal Number'),(168,'8483669664','Personal Number'),(169,'8541478420','Personal Number'),(170,'8583379417','Personal Number'),(171,'8595105436','Personal Number'),(172,'8600350673','Personal Number'),(173,'8646577345','Personal Number'),(174,'8702175514','Personal Number'),(175,'8718261087','Personal Number'),(176,'8760624820','Personal Number'),(177,'8791313454','Personal Number'),(178,'8803178702','Personal Number'),(179,'8915300546','Personal Number'),(180,'8921612156','Personal Number'),(181,'8937141525','Personal Number'),(182,'9164214597','Personal Number'),(183,'9174984237','Personal Number'),(184,'9253458337','Personal Number'),(185,'9284302287','Personal Number'),(186,'9332874331','Personal Number'),(187,'9392482884','Personal Number'),(188,'9439470304','Personal Number'),(189,'9515797852','Personal Number'),(190,'9555207199','Personal Number'),(191,'9624926520','Personal Number'),(192,'9633877628','Personal Number'),(193,'9746717564','Personal Number'),(194,'9764319908','Personal Number'),(195,'9801232683','Personal Number'),(196,'9891683700','Personal Number'),(197,'9930415781','Personal Number'),(198,'9940789247','Personal Number'),(199,'9965091616','Personal Number'),(200,'9967667282','Personal Number');
/*!40000 ALTER TABLE `key_employee_id` ENABLE KEYS */;
UNLOCK TABLES;
/*!40103 SET TIME_ZONE=@OLD_TIME_ZONE */;

/*!40101 SET SQL_MODE=@OLD_SQL_MODE */;
/*!40014 SET FOREIGN_KEY_CHECKS=@OLD_FOREIGN_KEY_CHECKS */;
/*!40014 SET UNIQUE_CHECKS=@OLD_UNIQUE_CHECKS */;
/*!40101 SET CHARACTER_SET_CLIENT=@OLD_CHARACTER_SET_CLIENT */;
/*!40101 SET CHARACTER_SET_RESULTS=@OLD_CHARACTER_SET_RESULTS */;
/*!40101 SET COLLATION_CONNECTION=@OLD_COLLATION_CONNECTION */;
/*!40111 SET SQL_NOTES=@OLD_SQL_NOTES */;

-- Dump completed on 2021-01-04 10:00:09
-- MySQL dump 10.13  Distrib 8.0.21, for Win64 (x86_64)
--
-- Host: 52.169.179.74    Database: STAGE
-- ------------------------------------------------------
-- Server version	5.7.32

/*!40101 SET @OLD_CHARACTER_SET_CLIENT=@@CHARACTER_SET_CLIENT */;
/*!40101 SET @OLD_CHARACTER_SET_RESULTS=@@CHARACTER_SET_RESULTS */;
/*!40101 SET @OLD_COLLATION_CONNECTION=@@COLLATION_CONNECTION */;
/*!50503 SET NAMES utf8 */;
/*!40103 SET @OLD_TIME_ZONE=@@TIME_ZONE */;
/*!40103 SET TIME_ZONE='+00:00' */;
/*!40014 SET @OLD_UNIQUE_CHECKS=@@UNIQUE_CHECKS, UNIQUE_CHECKS=0 */;
/*!40014 SET @OLD_FOREIGN_KEY_CHECKS=@@FOREIGN_KEY_CHECKS, FOREIGN_KEY_CHECKS=0 */;
/*!40101 SET @OLD_SQL_MODE=@@SQL_MODE, SQL_MODE='NO_AUTO_VALUE_ON_ZERO' */;
/*!40111 SET @OLD_SQL_NOTES=@@SQL_NOTES, SQL_NOTES=0 */;

--
-- Table structure for table `source_employee_data`
--

DROP TABLE IF EXISTS `source_employee_data`;
/*!40101 SET @saved_cs_client     = @@character_set_client */;
/*!50503 SET character_set_client = utf8mb4 */;
CREATE TABLE `source_employee_data` (
  `employee_identifier` varchar(30) DEFAULT NULL,
  `first_name` varchar(30) DEFAULT NULL,
  `last_name` varchar(30) DEFAULT NULL,
  `GENDER` varchar(100) DEFAULT NULL,
  `EDUCATION` varchar(100) DEFAULT NULL,
  `OCCUPATION` varchar(100) DEFAULT NULL,
  `EXPERIENCE` varchar(100) DEFAULT NULL,
  `SALARY` varchar(100) DEFAULT NULL,
  `MARITAL_STATUS` varchar(100) DEFAULT NULL,
  `EMPLOYEE_TYPE` varchar(100) DEFAULT NULL,
  `email` varchar(60) DEFAULT NULL,
  `country` varchar(60) DEFAULT NULL,
  `phone` varchar(30) DEFAULT NULL,
  `load_date` date DEFAULT NULL
) ENGINE=InnoDB DEFAULT CHARSET=latin1;
/*!40101 SET character_set_client = @saved_cs_client */;

--
-- Dumping data for table `source_employee_data`
--

LOCK TABLES `source_employee_data` WRITE;
/*!40000 ALTER TABLE `source_employee_data` DISABLE KEYS */;
INSERT INTO `source_employee_data` VALUES ('1878903570','Clark','Carter','Male','Master','Archeologist','27','9266','Married','1','c.carter@randatmail.com',NULL,'897-8543-01','2020-10-15'),('4848051103','Sabrina','Kelley','Female','Upper secondary','Fashion Designer','24','6865','Single','1','s.kelley@randatmail.com',NULL,'322-4612-36','2020-10-15'),('6667666354','Melanie','Scott','Female','Bachelor','Veterinarian','22','9303','Married','2','m.scott@randatmail.com',NULL,'049-8596-94','2020-10-15'),('0451137622','Brooke','Elliott','Female','Doctoral','Producer','4','1242','Married','1','b.elliott@randatmail.com',NULL,'700-8374-84','2020-10-15'),('6576369800','Arthur','Mitchell','Male','Lower secondary','Physicist','8','657','Married','1','a.mitchell@randatmail.com',NULL,'444-2734-00','2020-10-15'),('4752094844','Rubie','Higgins','Female','Primary','Firefighter','20','3091','Married','2','r.higgins@randatmail.com',NULL,'219-7346-97','2020-10-15'),('0189253897','Alisa','Roberts','Female','Lower secondary','Mechanic','30','4807','Single','3','a.roberts@randatmail.com',NULL,'962-5655-12','2020-10-15'),('8583379417','Ryan','Gray','Male','Doctoral','Meteorologist','12','1471','Married','2','r.gray@randatmail.com',NULL,'049-2995-91','2020-10-15'),('6130598353','Emma','Chapman','Female','Bachelor','Interior Designer','16','2200','Married','2','e.chapman@randatmail.com',NULL,'584-4685-96','2020-10-15'),('3731846429','Camila','Baker','Female','Bachelor','Architect','22','4132','Single','1','c.baker@randatmail.com',NULL,'888-2279-01','2020-10-15'),('8290386139','Edith','Barrett','Female','Master','Chemist','2','4894','Married','3','e.barrett@randatmail.com',NULL,'094-1736-65','2020-10-15'),('6431738740','Jack','Crawford','Male','Lower secondary','Scientist','20','9841','Married','1','j.crawford@randatmail.com',NULL,'672-3155-19','2020-10-15'),('9332874331','Evelyn','Thomas','Female','Primary','Social Worker','18','6076','Single','3','e.thomas@randatmail.com',NULL,'469-6099-54','2020-10-15'),('2494975077','Chester','Alexander','Male','Bachelor','Chemist','28','1123','Married','2','c.alexander@randatmail.com',NULL,'002-6469-88','2020-10-15'),('2560623677','Michelle','Elliott','Female','Primary','Geologist','29','769','Married','1','m.elliott@randatmail.com',NULL,'988-5014-53','2020-10-15'),('3879575023','Alen','Morris','Male','Doctoral','Driver','22','5894','Single','3','a.morris@randatmail.com',NULL,'713-8390-25','2020-10-15'),('9284302287','Clark','Perry','Male','Master','Dancer','9','9244','Married','1','c.perry@randatmail.com',NULL,'638-8243-74','2020-10-15'),('6216658271','Samantha','Hamilton','Female','Master','Cook','12','6335','Married','2','s.hamilton@randatmail.com',NULL,'203-9667-23','2020-10-15'),('4766950096','Mike','Harris','Male','Primary','Veterinarian','23','4948','Married','2','m.harris@randatmail.com',NULL,'219-8710-22','2020-10-15'),('5570936971','Sarah','Rogers','Female','Lower secondary','Police Officer','21','7024','Single','1','s.rogers@randatmail.com',NULL,'811-7699-11','2020-10-15'),('3345609612','Alisa','Cunningham','Female','Primary','Salesman','22','6549','Single','2','a.cunningham@randatmail.com',NULL,'180-6861-18','2020-10-15'),('9439470304','Cadie','Reed','Female','Bachelor','Photographer','14','2001','Single','3','c.reed@randatmail.com',NULL,'216-4283-47','2020-10-15'),('0947812325','Fenton','Foster','Male','Primary','Scientist','24','4357','Married','3','f.foster@randatmail.com',NULL,'043-1116-98','2020-10-15'),('5962430454','Oliver','Barrett','Male','Bachelor','Journalist','4','4206','Single','1','o.barrett@randatmail.com',NULL,'902-9889-37','2020-10-15'),('3156594204','Marcus','Turner','Male','Lower secondary','Baker','6','1693','Single','1','m.turner@randatmail.com',NULL,'986-3577-26','2020-10-15'),('1388921422','Maria','Craig','Female','Doctoral','Economist','26','7336','Married','2','m.craig@randatmail.com',NULL,'729-0220-89','2020-10-15'),('8915300546','Rosie','Gray','Female','Bachelor','Electrician','23','7534','Single','1','r.gray@randatmail.com',NULL,'582-0253-40','2020-10-15'),('1626607149','Tiana','Holmes','Female','Lower secondary','Meteorologist','16','4871','Married','1','t.holmes@randatmail.com',NULL,'042-9871-16','2020-10-15'),('8030732619','Sawyer','Bailey','Male','Master','Electrician','9','3795','Married','1','s.bailey@randatmail.com',NULL,'326-5618-57','2020-10-15'),('5003270700','Fiona','Casey','Female','Lower secondary','Jeweller','10','3830','Single','1','f.casey@randatmail.com',NULL,'977-2118-33','2020-10-15'),('3456080531','Lana','Robinson','Female','Doctoral','Hairdresser','30','5712','Married','1','l.robinson@randatmail.com',NULL,'725-3375-70','2020-10-15'),('0763751644','Amelia','Ross','Female','Primary','Actor','22','5829','Married','1','a.ross@randatmail.com',NULL,'833-7164-57','2020-10-15'),('9392482884','Reid','Perry','Male','Lower secondary','Journalist','21','1281','Married','1','r.perry@randatmail.com',NULL,'290-3117-58','2020-10-15'),('7190527903','Spike','Nelson','Male','Lower secondary','Manager','15','2937','Single','2','s.nelson@randatmail.com',NULL,'326-7383-06','2020-10-15'),('3873885853','Emma','Brooks','Female','Bachelor','Driver','3','1748','Single','1','e.brooks@randatmail.com',NULL,'529-8222-81','2020-10-15'),('7827269940','Dexter','Payne','Male','Upper secondary','Biochemist','15','4581','Married','1','d.payne@randatmail.com',NULL,'165-0789-34','2020-10-15'),('6683247847','Vivian','Armstrong','Female','Primary','Medic','12','2533','Married','1','v.armstrong@randatmail.com',NULL,'693-2269-76','2020-10-15'),('1277132150','Briony','Ross','Female','Upper secondary','Florist','27','9672','Married','2','b.ross@randatmail.com',NULL,'315-2360-93','2020-10-15'),('4176263212','Freddie','Mitchell','Male','Lower secondary','Police Officer','2','8792','Single','1','f.mitchell@randatmail.com',NULL,'491-1768-27','2020-10-15'),('7586414079','Adrianna','Adams','Female','Master','Interpreter','13','9050','Single','2','a.adams@randatmail.com',NULL,'359-4044-61','2020-10-15'),('5184122736','Myra','Parker','Female','Bachelor','Interpreter','21','1065','Single','1','m.parker@randatmail.com',NULL,'867-9583-72','2020-10-15'),('0589667594','Melanie','Smith','Female','Primary','Producer','6','3848','Single','1','m.smith@randatmail.com',NULL,'853-8514-13','2020-10-15'),('8343394334','Sophia','Stevens','Female','Bachelor','Driver','10','3282','Single','1','s.stevens@randatmail.com',NULL,'568-8907-57','2020-10-15'),('3404063191','Anna','Murphy','Female','Upper secondary','Teacher','22','5608','Single','1','a.murphy@randatmail.com',NULL,'793-6511-52','2020-10-15'),('2017852129','Abigail','Thomas','Female','Master','Electrician','23','3284','Married','1','a.thomas@randatmail.com',NULL,'494-2153-71','2020-10-15'),('3101577542','Chester','Perry','Male','Bachelor','Driver','6','5819','Single','1','c.perry@randatmail.com',NULL,'587-1310-69','2020-10-15'),('4394348181','Robert','Davis','Male','Lower secondary','Architect','9','7650','Married','2','r.davis@randatmail.com',NULL,'597-0664-51','2020-10-15'),('9965091616','Brianna','Allen','Female','Bachelor','Social Worker','22','4016','Single','1','b.allen@randatmail.com',NULL,'577-1732-60','2020-10-15'),('3559768988','Albert','Cooper','Male','Bachelor','Graphic Designer','16','6387','Single','3','a.cooper@randatmail.com',NULL,'956-2843-26','2020-10-15'),('6476121933','Eric','Spencer','Male','Upper secondary','Mathematician','2','1007','Single','1','e.spencer@randatmail.com',NULL,'553-3294-27','2020-10-15'),('1671367006','Victor','West','Male','Master','Interpreter','16','3812','Married','1','v.west@randatmail.com',NULL,'808-5770-26','2020-10-15'),('9253458337','Agata','Ross','Female','Master','Police Officer','8','3437','Single','1','a.ross@randatmail.com',NULL,'561-1104-47','2020-10-15'),('9801232683','Victoria','West','Female','Lower secondary','Graphic Designer','17','2175','Married','3','v.west@randatmail.com',NULL,'039-8567-37','2020-10-15'),('7195880678','Alen','Kelley','Male','Master','Aeroplane Pilot','22','8593','Single','2','a.kelley@randatmail.com',NULL,'128-1355-34','2020-10-15'),('3769733379','Aiden','Hunt','Male','Lower secondary','Manager','30','2636','Single','3','a.hunt@randatmail.com',NULL,'719-6888-13','2020-10-15'),('9940789247','Spike','Bailey','Male','Doctoral','Economist','0','6362','Married','1','s.bailey@randatmail.com',NULL,'755-5343-55','2020-10-15'),('6976495063','Camila','Andrews','Female','Lower secondary','Astronomer','27','3902','Married','3','c.andrews@randatmail.com',NULL,'607-8350-19','2020-10-15'),('2598748077','Kevin','Cooper','Male','Master','Producer','0','7128','Married','1','k.cooper@randatmail.com',NULL,'542-4383-46','2020-10-15'),('0398653374','Tess','Walker','Female','Doctoral','Manager','4','6389','Married','1','t.walker@randatmail.com',NULL,'777-0620-55','2020-10-15'),('9891683700','Rosie','Higgins','Female','Primary','Pharmacist','2','632','Married','2','r.higgins@randatmail.com',NULL,'730-2816-75','2020-10-15'),('0448279307','Victor','Brooks','Male','Master','Accountant','23','7916','Single','3','v.brooks@randatmail.com',NULL,'607-8000-70','2020-10-15'),('3501205293','Aston','Evans','Male','Doctoral','Auditor','14','5498','Married','2','a.evans@randatmail.com',NULL,'927-4994-31','2020-10-15'),('0237596210','Chelsea','Clark','Female','Lower secondary','Firefighter','3','9680','Married','3','c.clark@randatmail.com',NULL,'932-0897-36','2020-10-15'),('2321008811','Leonardo','Andrews','Male','Doctoral','Manager','5','7069','Married','1','l.andrews@randatmail.com',NULL,'719-6689-40','2020-10-15'),('8483669664','Alina','Casey','Female','Lower secondary','Carpenter','20','1631','Married','1','a.casey@randatmail.com',NULL,'102-9657-75','2020-10-15'),('4148399573','Jordan','Phillips','Male','Bachelor','Jeweller','3','4946','Single','2','j.phillips@randatmail.com',NULL,'373-3876-40','2020-10-15'),('3525717874','Frederick','Sullivan','Male','Doctoral','Biochemist','3','5057','Single','2','f.sullivan@randatmail.com',NULL,'414-7361-26','2020-10-15'),('7222638751','Elian','Jones','Male','Upper secondary','Fashion Designer','11','5508','Single','2','e.jones@randatmail.com',NULL,'048-0451-97','2020-10-15'),('3212649999','Eddy','Clark','Male','Upper secondary','Engineer','26','4508','Married','2','e.clark@randatmail.com',NULL,'505-2957-61','2020-10-15'),('2510643794','Edgar','Ryan','Male','Lower secondary','Graphic Designer','30','7849','Single','1','e.ryan@randatmail.com',NULL,'583-5856-09','2020-10-15'),('6985340296','Jasmine','Stevens','Female','Master','Jeweller','16','7596','Married','2','j.stevens@randatmail.com',NULL,'782-0901-73','2020-10-15'),('7990628843','William','Kelly','Male','Doctoral','Fine Artist','8','861','Single','2','w.kelly@randatmail.com',NULL,'858-9091-13','2020-10-15'),('3583461372','Frederick','Reed','Male','Upper secondary','Producer','26','8017','Single','1','f.reed@randatmail.com',NULL,'602-6738-77','2020-10-15'),('4340425043','Harold','Clark','Male','Master','Baker','7','3189','Single','3','h.clark@randatmail.com',NULL,'253-9193-83','2020-10-15'),('1974155605','Catherine','Johnston','Female','Doctoral','Jeweller','30','6241','Single','3','c.johnston@randatmail.com',NULL,'363-7380-57','2020-10-15'),('9764319908','Violet','Scott','Female','Bachelor','Salesman','2','5737','Single','3','v.scott@randatmail.com',NULL,'000-5635-18','2020-10-15'),('7288621422','Patrick','Bailey','Male','Lower secondary','Insurer','21','4392','Married','1','p.bailey@randatmail.com',NULL,'963-8739-64','2020-10-15'),('9930415781','Stella','Evans','Female','Upper secondary','Agronomist','16','8293','Single','1','s.evans@randatmail.com',NULL,'388-5611-31','2020-10-15'),('8169715059','Byron','Tucker','Male','Doctoral','Salesman','4','9963','Single','1','b.tucker@randatmail.com',NULL,'356-1254-49','2020-10-15'),('3978340575','Jessica','Higgins','Female','Bachelor','Social Worker','3','6369','Single','2','j.higgins@randatmail.com',NULL,'285-3848-91','2020-10-15'),('5933346301','Valeria','Farrell','Female','Lower secondary','Dancer','24','4923','Single','1','v.farrell@randatmail.com',NULL,'198-4852-35','2020-10-15'),('9633877628','Sam','Hall','Male','Master','Chemist','4','8762','Single','1','s.hall@randatmail.com',NULL,'960-7780-02','2020-10-15'),('6484126513','Maya','Thomas','Female','Primary','Pharmacist','6','8255','Married','1','m.thomas@randatmail.com',NULL,'580-1135-74','2020-10-15'),('1150476309','Alfred','Chapman','Male','Master','Aeroplane Pilot','14','1765','Single','1','a.chapman@randatmail.com',NULL,'153-6102-37','2020-10-15'),('3248621543','Andrew','Myers','Male','Primary','Police Officer','21','9622','Single','1','a.myers@randatmail.com',NULL,'197-8291-25','2020-10-15'),('7099653671','Richard','Johnson','Male','Upper secondary','Social Worker','5','1438','Married','1','r.johnson@randatmail.com',NULL,'254-9770-34','2020-10-15'),('8646577345','Vivian','Alexander','Female','Upper secondary','Auditor','9','1884','Single','1','v.alexander@randatmail.com',NULL,'962-3684-58','2020-10-15'),('8937141525','Michael','Mitchell','Male','Upper secondary','Baker','2','4573','Married','3','m.mitchell@randatmail.com',NULL,'049-2786-92','2020-10-15'),('6244420654','Richard','Ross','Male','Primary','Teacher','16','8871','Married','2','r.ross@randatmail.com',NULL,'793-6592-54','2020-10-15'),('1272333183','Edgar','Morgan','Male','Upper secondary','Architect','22','2044','Married','3','e.morgan@randatmail.com',NULL,'358-6903-49','2020-10-15'),('6907179125','Connie','Anderson','Female','Upper secondary','Chef','27','6441','Married','2','c.anderson@randatmail.com',NULL,'624-9335-99','2020-10-15'),('1745287269','Wilson','Armstrong','Male','Master','Teacher','9','3424','Married','1','w.armstrong@randatmail.com',NULL,'951-1377-60','2020-10-15'),('1855676187','Derek','Fowler','Male','Lower secondary','Photographer','8','5994','Single','2','d.fowler@randatmail.com',NULL,'701-2597-67','2020-10-15'),('6407105110','Melanie','Johnson','Female','Upper secondary','Graphic Designer','23','4431','Single','2','m.johnson@randatmail.com',NULL,'822-3349-85','2020-10-15'),('5824354073','Henry','Gray','Male','Bachelor','Hairdresser','25','1223','Single','2','h.gray@randatmail.com',NULL,'285-5392-07','2020-10-15'),('6398694344','Julian','Cunningham','Male','Doctoral','Jeweller','13','9263','Married','1','j.cunningham@randatmail.com',NULL,'954-1864-76','2020-10-15'),('5533771281','Audrey','Anderson','Female','Bachelor','Geologist','28','9557','Married','1','a.anderson@randatmail.com',NULL,'929-0702-85','2020-10-15'),('4517398876','Adele','Allen','Female','Master','Dancer','2','2112','Married','2','a.allen@randatmail.com',NULL,'481-8727-09','2020-10-15'),('5882521338','Spike','Murray','Male','Doctoral','Fine Artist','2','1167','Single','1','s.murray@randatmail.com',NULL,'398-7849-42','2020-10-15'),('0972459310','Rebecca','Cameron','Female','Upper secondary','Programmer','26','6609','Married','2','r.cameron@randatmail.com',NULL,'007-8972-40','2020-10-15'),('4114127323','Adrian','Phillips','Male','Upper secondary','Archeologist','27','9797','Single','1','a.phillips@randatmail.com',NULL,'819-1506-18','2020-10-15'),('8791313454','Kelvin','Myers','Male','Doctoral','Historian','0','3275','Single','3','k.myers@randatmail.com',NULL,'258-8464-16','2020-10-15'),('0574528513','Edward','Wells','Male','Doctoral','Geologist','29','8812','Single','2','e.wells@randatmail.com',NULL,'087-9540-36','2020-10-15'),('2055335191','Wilson','Cameron','Male','Master','Baker','12','5331','Single','1','w.cameron@randatmail.com',NULL,'315-4247-74','2020-10-15'),('6835834882','Maddie','Stevens','Female','Lower secondary','Actor','10','8871','Married','1','m.stevens@randatmail.com',NULL,'917-8058-29','2020-10-15'),('8760624820','Vanessa','Sullivan','Female','Bachelor','Lawer','23','2585','Married','1','v.sullivan@randatmail.com',NULL,'363-3546-77','2020-10-15'),('6846660052','Kimberly','Barnes','Female','Master','Florist','18','5064','Married','1','k.barnes@randatmail.com',NULL,'421-5882-37','2020-10-15'),('4912399753','Adam','Craig','Male','Lower secondary','Lecturer','15','8929','Single','2','a.craig@randatmail.com',NULL,'348-8622-32','2020-10-15'),('7752090603','Alexander','Andrews','Male','Master','Producer','30','5675','Married','1','a.andrews@randatmail.com',NULL,'618-6013-84','2020-10-15'),('6053282527','Dexter','Thomas','Male','Lower secondary','Salesman','14','7186','Single','2','d.thomas@randatmail.com',NULL,'716-2969-96','2020-10-15'),('1834414457','Naomi','Evans','Female','Lower secondary','Botanist','23','7416','Married','1','n.evans@randatmail.com',NULL,'477-3811-50','2020-10-15'),('7081001995','Ada','Crawford','Female','Master','Mechanic','5','9092','Single','2','a.crawford@randatmail.com',NULL,'390-1352-08','2020-10-15'),('0626001920','Lily','Perry','Female','Lower secondary','Chef','20','2345','Single','1','l.perry@randatmail.com',NULL,'302-5905-49','2020-10-15'),('0860167177','Walter','Bailey','Male','Master','Meteorologist','9','5582','Single','1','w.bailey@randatmail.com',NULL,'972-0210-05','2020-10-15'),('5457643873','Aiden','Cunningham','Male','Primary','Teacher','24','9050','Married','3','a.cunningham@randatmail.com',NULL,'943-9187-13','2020-10-15'),('3766230689','James','Anderson','Male','Bachelor','Electrician','20','9669','Single','1','j.anderson@randatmail.com',NULL,'681-5013-19','2020-10-15'),('8595105436','Deanna','Harrison','Female','Bachelor','Actor','12','9051','Married','1','d.harrison@randatmail.com',NULL,'900-1285-34','2020-10-15'),('9967667282','Melanie','Morris','Female','Primary','Manager','4','9716','Married','2','m.morris@randatmail.com',NULL,'074-8009-03','2020-10-15'),('4055437431','Cadie','Bennett','Female','Primary','Baker','13','1746','Single','1','c.bennett@randatmail.com',NULL,'939-4588-56','2020-10-15'),('2608430797','Eleanor','Smith','Female','Doctoral','Lecturer','25','7198','Married','3','e.smith@randatmail.com',NULL,'754-4051-15','2020-10-15'),('6501055026','Grace','Miller','Female','Doctoral','Engineer','25','5633','Married','1','g.miller@randatmail.com',NULL,'687-7551-62','2020-10-15'),('5433010330','Jared','Miller','Male','Doctoral','Programmer','22','1974','Single','3','j.miller@randatmail.com',NULL,'523-5046-04','2020-10-15'),('4493637151','Edward','Johnston','Male','Bachelor','Historian','10','801','Single','1','e.johnston@randatmail.com',NULL,'006-6214-28','2020-10-15'),('6660826107','Vivian','Moore','Female','Doctoral','Cook','6','6047','Single','1','v.moore@randatmail.com',NULL,'183-4270-83','2020-10-15'),('4143157555','Haris','Hall','Male','Bachelor','Economist','11','6113','Single','1','h.hall@randatmail.com',NULL,'802-1586-04','2020-10-15'),('3122764000','Vanessa','Miller','Female','Master','Physicist','10','9331','Married','1','v.miller@randatmail.com',NULL,'173-1181-99','2020-10-15'),('8600350673','Valeria','Mitchell','Female','Master','Scientist','10','8453','Single','3','v.mitchell@randatmail.com',NULL,'701-0135-68','2020-10-15'),('8718261087','Caroline','Campbell','Female','Bachelor','Fine Artist','8','5908','Single','3','c.campbell@randatmail.com',NULL,'224-8485-34','2020-10-15'),('3662056230','Dainton','Douglas','Male','Bachelor','Mechanic','24','6448','Married','1','d.douglas@randatmail.com',NULL,'496-2731-19','2020-10-15'),('4367566132','Joyce','Montgomery','Female','Master','Composer','1','2242','Married','2','j.montgomery@randatmail.com',NULL,'222-9643-05','2020-10-15'),('0582232745','Grace','Elliott','Female','Doctoral','Mechanic','21','2599','Married','1','g.elliott@randatmail.com',NULL,'637-8577-34','2020-10-15'),('9746717564','Caroline','Mitchell','Female','Doctoral','Mechanic','28','2210','Single','3','c.mitchell@randatmail.com',NULL,'932-8537-33','2020-10-15'),('3816702103','Kate','Richardson','Female','Doctoral','Meteorologist','29','9571','Married','2','k.richardson@randatmail.com',NULL,'268-6300-19','2020-10-15'),('2773373967','Tara','Carroll','Female','Master','Photographer','11','4724','Married','1','t.carroll@randatmail.com',NULL,'030-1781-80','2020-10-15'),('9174984237','Clark','Anderson','Male','Master','Actor','17','6674','Married','2','c.anderson@randatmail.com',NULL,'372-8692-71','2020-10-15'),('2681742034','Abraham','Hunt','Male','Bachelor','Insurer','12','8486','Single','1','a.hunt@randatmail.com',NULL,'343-7856-61','2020-10-15'),('5634268549','Jordan','Wright','Male','Lower secondary','Archeologist','4','7283','Married','1','j.wright@randatmail.com',NULL,'797-0341-69','2020-10-15'),('4220106665','Cadie','Lloyd','Female','Master','Teacher','8','513','Single','1','c.lloyd@randatmail.com',NULL,'919-0724-56','2020-10-15'),('3810985597','Arthur','Stevens','Male','Upper secondary','Interpreter','29','5062','Married','1','a.stevens@randatmail.com',NULL,'747-5269-63','2020-10-15'),('1084311129','Cherry','Howard','Female','Master','Mathematician','12','3771','Single','1','c.howard@randatmail.com',NULL,'586-9719-65','2020-10-15'),('8541478420','Preston','Barrett','Male','Upper secondary','Lawer','25','3592','Married','3','p.barrett@randatmail.com',NULL,'103-7622-21','2020-10-15'),('8131797141','Carina','Brown','Female','Doctoral','Meteorologist','14','5839','Single','2','c.brown@randatmail.com',NULL,'863-1648-11','2020-10-15'),('4895764577','Marcus','Walker','Male','Upper secondary','Cook','20','4440','Single','2','m.walker@randatmail.com',NULL,'951-2751-59','2020-10-15'),('5055193230','Henry','Ross','Male','Primary','Mathematician','27','8365','Single','1','h.ross@randatmail.com',NULL,'310-5694-48','2020-10-15'),('3766102778','William','Myers','Male','Bachelor','Agronomist','3','5887','Single','3','w.myers@randatmail.com',NULL,'488-6256-35','2020-10-15'),('5347186800','Aida','Gray','Female','Master','Scientist','15','1412','Married','2','a.gray@randatmail.com',NULL,'835-7064-53','2020-10-15'),('9515797852','Samantha','Walker','Female','Doctoral','Manager','3','4465','Single','2','s.walker@randatmail.com',NULL,'883-5965-85','2020-10-15'),('1121358706','Aida','Hawkins','Female','Lower secondary','Insurer','9','4660','Single','3','a.hawkins@randatmail.com',NULL,'183-9602-58','2020-10-15'),('3088579008','John','Cole','Male','Upper secondary','Physicist','22','9021','Married','1','j.cole@randatmail.com',NULL,'144-2467-71','2020-10-15'),('3708011268','Michelle','Myers','Female','Lower secondary','Electrician','19','9320','Single','2','m.myers@randatmail.com',NULL,'127-0505-46','2020-10-15'),('9624926520','James','Henderson','Male','Master','Baker','20','2626','Single','2','j.henderson@randatmail.com',NULL,'294-1036-55','2020-10-15'),('6846885662','Owen','Sullivan','Male','Primary','Scientist','20','9786','Married','1','o.sullivan@randatmail.com',NULL,'121-4839-93','2020-10-15'),('3751601337','Vivian','Taylor','Female','Doctoral','Hairdresser','27','6582','Single','1','v.taylor@randatmail.com',NULL,'026-5433-57','2020-10-15'),('4951869477','Natalie','Baker','Female','Bachelor','Engineer','17','3954','Single','2','n.baker@randatmail.com',NULL,'991-0686-60','2020-10-15'),('6474251848','Natalie','Morris','Female','Doctoral','Astronomer','23','4852','Single','1','n.morris@randatmail.com',NULL,'038-7177-61','2020-10-15'),('4341806916','Spike','Murphy','Male','Lower secondary','Medic','30','5195','Married','3','s.murphy@randatmail.com',NULL,'507-8791-50','2020-10-15'),('6564944696','Arianna','Ferguson','Female','Bachelor','Composer','30','9207','Single','2','a.ferguson@randatmail.com',NULL,'437-2675-59','2020-10-15'),('7693052140','Valeria','Armstrong','Female','Primary','Baker','23','7837','Single','1','v.armstrong@randatmail.com',NULL,'821-1122-40','2020-10-15'),('3609872131','Amber','Grant','Female','Upper secondary','Astronomer','29','6800','Married','1','a.grant@randatmail.com',NULL,'377-7784-31','2020-10-15'),('0625801415','Adam','Scott','Male','Lower secondary','Composer','17','5409','Single','1','a.scott@randatmail.com',NULL,'955-9432-73','2020-10-15'),('5836152505','Leonardo','Holmes','Male','Bachelor','Journalist','21','3789','Married','2','l.holmes@randatmail.com',NULL,'095-5947-23','2020-10-15'),('4638957990','Aida','Nelson','Female','Lower secondary','Architect','6','2271','Married','1','a.nelson@randatmail.com',NULL,'692-2129-22','2020-10-15'),('8483115501','Rafael','Harper','Male','Upper secondary','Photographer','9','6481','Married','1','r.harper@randatmail.com',NULL,'719-6383-45','2020-10-15'),('2960680690','Frederick','Holmes','Male','Primary','Teacher','23','8967','Married','1','f.holmes@randatmail.com',NULL,'370-1391-74','2020-10-15'),('8206853705','Dominik','Hill','Male','Master','Biochemist','25','1458','Married','2','d.hill@randatmail.com',NULL,'514-1489-66','2020-10-15'),('5306612331','Dale','Warren','Male','Upper secondary','Florist','2','3749','Married','1','d.warren@randatmail.com',NULL,'332-7856-04','2020-10-15'),('2683110052','Arianna','Moore','Female','Doctoral','Journalist','24','8725','Married','1','a.moore@randatmail.com',NULL,'560-1599-93','2020-10-15'),('4245266223','Dexter','Edwards','Male','Master','Biochemist','15','7049','Single','1','d.edwards@randatmail.com',NULL,'283-4880-07','2020-10-15'),('9164214597','Eddy','Turner','Male','Upper secondary','Archeologist','22','5683','Married','3','e.turner@randatmail.com',NULL,'265-2281-32','2020-10-15'),('7903095090','Maddie','Cooper','Female','Master','Economist','21','8679','Single','2','m.cooper@randatmail.com',NULL,'957-0898-68','2020-10-15'),('5803555524','Adele','Ferguson','Female','Bachelor','Interpreter','7','907','Single','1','a.ferguson@randatmail.com',NULL,'575-2131-00','2020-10-15'),('7426554961','Martin','Myers','Male','Primary','Medic','4','6608','Single','1','m.myers@randatmail.com',NULL,'110-5783-82','2020-10-15'),('5902247023','Dainton','Wright','Male','Primary','Archeologist','3','5355','Married','1','d.wright@randatmail.com',NULL,'170-7156-80','2020-10-15'),('9555207199','Jenna','Johnston','Female','Bachelor','Architect','23','9042','Married','1','j.johnston@randatmail.com',NULL,'668-3905-99','2020-10-15'),('6113907551','Dominik','Hawkins','Male','Master','Medic','0','7452','Single','1','d.hawkins@randatmail.com',NULL,'688-0124-12','2020-10-15'),('0319607558','Adele','Perry','Female','Bachelor','Driver','11','6889','Single','1','a.perry@randatmail.com',NULL,'672-9734-82','2020-10-15'),('2609652324','Darcy','Carroll','Female','Bachelor','Engineer','21','2201','Married','3','d.carroll@randatmail.com',NULL,'682-9334-88','2020-10-15'),('3626823747','Melanie','Lloyd','Female','Master','Carpenter','23','9600','Single','1','m.lloyd@randatmail.com',NULL,'928-8030-75','2020-10-15'),('0209297924','Mike','Wilson','Male','Upper secondary','Photographer','6','833','Married','1','m.wilson@randatmail.com',NULL,'400-9276-67','2020-10-15'),('8803178702','Amelia','Cole','Female','Master','Biochemist','5','6383','Single','1','a.cole@randatmail.com',NULL,'184-8719-42','2020-10-15'),('0445540160','Lyndon','Sullivan','Male','Lower secondary','Police Officer','14','8940','Single','1','l.sullivan@randatmail.com',NULL,'324-8721-63','2020-10-15'),('0024597559','Julian','Robinson','Male','Master','Engineer','5','5082','Single','1','j.robinson@randatmail.com',NULL,'363-1247-86','2020-10-15'),('6763709802','Elise','Holmes','Female','Lower secondary','Singer','13','5818','Single','1','e.holmes@randatmail.com',NULL,'534-8674-41','2020-10-15'),('0380657791','Valeria','Bailey','Female','Primary','Archeologist','10','1501','Married','2','v.bailey@randatmail.com',NULL,'594-3483-36','2020-10-15'),('1598025538','Maria','Bennett','Female','Upper secondary','Composer','30','9583','Married','1','m.bennett@randatmail.com',NULL,'320-7527-03','2020-10-15'),('1857476841','Bruce','Hawkins','Male','Doctoral','Auditor','15','3944','Single','3','b.hawkins@randatmail.com',NULL,'068-1788-82','2020-10-15'),('2197000737','Kate','Barrett','Female','Primary','Graphic Designer','2','3071','Single','1','k.barrett@randatmail.com',NULL,'447-8186-23','2020-10-15'),('0601354663','Adrian','Morrison','Male','Doctoral','Aeroplane Pilot','30','6460','Married','2','a.morrison@randatmail.com',NULL,'123-4423-39','2020-10-15'),('0080378796','Amelia','Rogers','Female','Master','Mechanic','9','9423','Single','1','a.rogers@randatmail.com',NULL,'877-5192-49','2020-10-15'),('1972999872','Florrie','Hunt','Female','Upper secondary','Photographer','12','2787','Single','1','f.hunt@randatmail.com',NULL,'054-8884-28','2020-10-15'),('8034319315','Walter','Scott','Male','Master','Teacher','13','7458','Married','2','w.scott@randatmail.com',NULL,'392-7381-99','2020-10-15'),('3154922813','Clark','Thomas','Male','Bachelor','Social Worker','24','9886','Single','1','c.thomas@randatmail.com',NULL,'949-4941-91','2020-10-15'),('1796180174','Aldus','Watson','Male','Bachelor','Agronomist','15','3384','Married','1','a.watson@randatmail.com',NULL,'273-2247-80','2020-10-15'),('3879387779','Elian','Richards','Male','Bachelor','Hairdresser','14','6359','Single','1','e.richards@randatmail.com',NULL,'077-6317-74','2020-10-15'),('0001687984','Agata','Watson','Female','Upper secondary','Interpreter','26','6618','Single','3','a.watson@randatmail.com',NULL,'373-3504-13','2020-10-15'),('2751764570','Camila','Davis','Female','Doctoral','Aeroplane Pilot','11','3731','Married','2','c.davis@randatmail.com',NULL,'075-9226-53','2020-10-15'),('8702175514','Melissa','Jones','Female','Bachelor','Historian','23','2225','Single','1','m.jones@randatmail.com',NULL,'773-7556-07','2020-10-15'),('8921612156','Lenny','Martin','Male','Primary','Singer','22','5191','Single','1','l.martin@randatmail.com',NULL,'810-7162-67','2020-10-15'),('3738944128','Dainton','Hamilton','Male','Upper secondary','Social Worker','14','5292','Married','1','d.hamilton@randatmail.com',NULL,'663-9958-71','2020-10-15'),('4509311836','Melanie','Spencer','Female','Lower secondary','Historian','23','693','Single','2','m.spencer@randatmail.com',NULL,'022-5476-13','2020-10-15');
/*!40000 ALTER TABLE `source_employee_data` ENABLE KEYS */;
UNLOCK TABLES;
/*!40103 SET TIME_ZONE=@OLD_TIME_ZONE */;

/*!40101 SET SQL_MODE=@OLD_SQL_MODE */;
/*!40014 SET FOREIGN_KEY_CHECKS=@OLD_FOREIGN_KEY_CHECKS */;
/*!40014 SET UNIQUE_CHECKS=@OLD_UNIQUE_CHECKS */;
/*!40101 SET CHARACTER_SET_CLIENT=@OLD_CHARACTER_SET_CLIENT */;
/*!40101 SET CHARACTER_SET_RESULTS=@OLD_CHARACTER_SET_RESULTS */;
/*!40101 SET COLLATION_CONNECTION=@OLD_COLLATION_CONNECTION */;
/*!40111 SET SQL_NOTES=@OLD_SQL_NOTES */;

-- Dump completed on 2021-01-04 10:00:14
